id,source,created_at,rating,text,sentiment_label,sentiment_score,topic_cluster,topic_name
1, trust_pilot, 2025-11-23,5," ""I have no complaints with Embrace other‚Ä¶ I have no complaints with Embrace other than their APP never seams to work when I need it. Other wise excellent ! Submit claim and in 2 to 3 days your reimbursement is in the bank. Love it! If only personal health insurance was that Easy!!!""",POSITIVE,0.9996589422225952,1,"Fast, supportive claims experience"
3, trust_pilot, 2025-11-22,5," ""Embrace Answers The rep I spoke to was very understanding and said to submit my claim for my lost pet again and shell see if they will honor it. Anytime I had questions they were there to help me . Its great knowing the company is truly animal friendly !""",POSITIVE,0.9994462132453918,1,"Fast, supportive claims experience"
4, trust_pilot, 2025-11-21,5," ""Very pleased with Embrace Pet Insurance. I have the normal insurance plus the Wellness addition. I have had a few claims with the Wellness part and have found it very easy to file the claim and received a response within a couple of days. Very pleased with the quick response. I have had the opportunity to speak with customer support and was pleased with the friendly and supportive assistance.""",POSITIVE,0.9997603297233582,1,"Fast, supportive claims experience"
5, trust_pilot, 2025-11-21,1," ""Do not use them Do not use them. After years a decade and a half of using them the abruptly changed my monthly premium for two dogs to 1200$ from 400$ which had been steadily increasing. The maximum pay out is $10000 because I set this up in 2010. Its a disgrace that they treat senior dogs like this. Clearly this is a business and they dont care about your pets. I recommend looking elsewhere or invest the same money into a money market or low risk investment account. I will never use them again.""",NEGATIVE,0.9996786117553711,0,Senior pet premiums skyrocketing
6, trust_pilot, 2025-11-21,5," ""The claims process was very simple.""",POSITIVE,0.9233572483062744,5,Simple and fast claim filing
7, trust_pilot, 2025-11-21,1," ""Ripped me off Ripped me off. I only had my policy a couple days and then they abruptly canceled it and kept my money. I tried to get in touch with them and they are not answering.""",NEGATIVE,0.9993438124656677,2,Mixed service and tech issues
8, trust_pilot, 2025-11-20,5," ""Handled our claim with thoughtfulness as well as efficiency. We recently had to say goodbye to our faithful dog Nelson after several visits to the vet. Embrace handled our claim almost immediately. They sent a thoughtful message with condolences and were very help during this difficult time. They also took the time to remove Nelson from our account so I did not have to worry about getting that done and applied a credit for the remaining days of his coverage to our account for our other dogs.""",POSITIVE,0.9988364577293396,1,"Fast, supportive claims experience"
9, trust_pilot, 2025-11-20,5," ""Quick Response Embrace has a very quick response time. My claim was viewed within 24 hours. The app on my phone made it very convenient and easy to complete. The information they give is easily understood.""",POSITIVE,0.9961860775947571,2,Mixed service and tech issues
10, trust_pilot, 2025-11-20,1," ""Avoid this company they will drop your senior dog when you need them most. I was an Embrace customer for over 13 years and used to recommend them to everyone. Sadly I cant say that anymore. This year they raised the premium on my 15-year-old chihuahua from about $2000 to over $10000 annually even with the multi-pet discount. The plan only pays out a maximum of $10000 per year so the new price makes the coverage essentially worthless. Theyre pushing us off the policy without technically cancelling us. My dog has been insured with Embrace since he was 3 and had more than a decade of healthy years with almost no issues. Now that hes developed two conditions that count as pre-existing no other insurer will cover him in any meaningful way. After more than a decade of loyalty were left uninsured when he needs help the most. When I called Embrace for an explanation all I got was a canned response about state-approved rates and rising veterinary costs. Yes vet care has gone up but nothing justifies a fivefold increase in one year. Because of this experience Ill also be removing my younger dog from Embrace. A company that treats long-term customers this way does not deserve our trust.""",NEGATIVE,0.9990918636322021,0,Senior pet premiums skyrocketing
11, trust_pilot, 2025-11-20,5," ""Embrace is a top notch pet insurance company Embrace provides a very easy claims process with reimbursement sometimes happening on the same day. It also provides great coverage for the money. The support staff is empathetic and very helpful even offering suggestions to lower premium costs without jeopardizing coverage. We have two dogs who have been covered by Embrace for many years and some serious medical issues.""",POSITIVE,0.9996243715286255,1,"Fast, supportive claims experience"
12, trust_pilot, 2025-11-19,5," ""Glad to be here I just signed up for my 2 cats after my last company jacked up the premium for one cat from $160 per month to $550. The person I spoke with was pleasant clear and informative. The sign up process was easy and quick. The rates were very good. So far so good.""",POSITIVE,0.9998290538787842,0,Senior pet premiums skyrocketing
13, trust_pilot, 2025-11-19,5," ""FIXED A PROBLEM IN A TIMELY MANNER.""",POSITIVE,0.9987481832504272,4,"Easy, quick online process"
14, trust_pilot, 2025-11-18,5," ""Thank goodness for Dog insurance with Embrace My dog was hit by a car and Embrace were very helpful when I called them about this. I submitted all the paper work and received payment within a few days. Would recommend them Easy to use system for claims and extremely polite staff.""",POSITIVE,0.9947181344032288,1,"Fast, supportive claims experience"
15, trust_pilot, 2025-11-18,5," ""Efficient Fast thorough and efficient claim process.""",POSITIVE,0.9997910857200623,5,Simple and fast claim filing
16, trust_pilot, 2025-11-18,5," ""Very pleased with Embrace Embrace Insurance has a easy to use app for filing claims and they provide excellent communication about the status of a claim. I am very pleased with the coverage our policy has provided.""",POSITIVE,0.999848484992981,1,"Fast, supportive claims experience"
17, trust_pilot, 2025-11-18,1," ""They can cant answer my questions I keep calling I get no answers today. I got put on hold and then to a voicemail which no ones responded to. I haven paid any of my claims since August so I would say I am not a very happy customer. They used to be great but now not so much..""",NEGATIVE,0.9996743202209473,2,Mixed service and tech issues
18, trust_pilot, 2025-11-18,5," ""I am going to be honest I am going to be honest: I was worried. But my first claim ever submitted was so easy and the wonderful employees at Embrace processed it so quickly delivering me a comprehensive breakdown and everything and a quick return on my refund. My pup needed extensive testing with a specialist and I would do anything for him. Embrace gave me peace of mind that I could do that and more within my policy and have the financial help I needed to do it. I cannot speak more highly of Embrace and will continue to utilize their services for my pup now and my pups in the future.""",POSITIVE,0.9981557726860046,1,"Fast, supportive claims experience"
19, trust_pilot, 2025-11-17,5," ""The person in customer service was‚Ä¶ The person in customer service was great and very helpful.""",POSITIVE,0.9996662139892578,3,"Friendly, helpful customer service"
20, trust_pilot, 2025-11-17,5," ""Very easy to use and submit a claim""",POSITIVE,0.9927035570144653,5,Simple and fast claim filing
21, trust_pilot, 2025-11-17,4," ""The process was much easier than previou The process was much easier than previous experiences. Last year I had bills that I didn't submit because I dreaded the process. I was overwhelmed with illness in the family and could not not get my head around the forms. however I find this insurance more expensive than others The deductible is outrageous. Dr. Hoffman is fabulous.""",NEGATIVE,0.7875015735626221,0,Senior pet premiums skyrocketing
22, trust_pilot, 2025-11-16,5," ""Claims are so easy to do! Claims are so easy to do!""",POSITIVE,0.6562598943710327,5,Simple and fast claim filing
23, trust_pilot, 2025-11-16,1," ""Ten Years of Trust Gone Overnight Im really sad to write this review. Ive had Embrace for ten years with no issues and I even recommended them to others long before they had a referral program. As we approached the ten year mark they started calling me nonstop. When I finally spoke with someone they told me my premium was increasing to 4.5x what I had been paying. This was on top of the yearly increases they already apply. They were calling because they KNEW people would be pissed if that auto charge would have happened without letting people know. This is the stage of my dogs life when she needs coverage the most and they raised the premium higher than what I pay for both my own and my sons health insurance combined. It feels like they were trying to push long term customers out before any major vet bills come up. I am extremely disappointed and now my aging dog is left without coverage. Its all shady and typical for an insurance company. I now tell everyone to avoid Embrace and just save money is a pet savings account for the day you may need it.""",NEGATIVE,0.9991605281829834,0,Senior pet premiums skyrocketing
25, trust_pilot, 2025-11-16,5," ""Claims & overall site Revised site & claims process much improved & easier""",POSITIVE,0.9992513060569763,5,Simple and fast claim filing
26, trust_pilot, 2025-11-16,5," ""Submitting the claim was fast and simple Submitting the claim was fast and simple""",NEGATIVE,0.9787918329238892,5,Simple and fast claim filing
29, trust_pilot, 2025-11-16,5," ""I talked to two people I talked to two people. The second called me to see what they could do to make the policy work for me. We were on the phone for an hour before we could find a solution. It was amazing customer service.""",POSITIVE,0.9987264275550842,2,Mixed service and tech issues
30, trust_pilot, 2025-11-16,5," ""As always I appreciate EMBRACE As always I appreciate EMBRACE. A real human answers the phone!!!! AND called me! When does THAT happen anymore. Also It is easy to file a claim. No hidden small print. Whats covered is clear. In the past I have received fair and prompt reimbursement. I hope they never change their way of doing business.""",POSITIVE,0.9969502091407776,1,"Fast, supportive claims experience"
32, trust_pilot, 2025-11-15,5," ""This was easy and took only a few‚Ä¶ This was easy and took only a few mintues.""",NEGATIVE,0.9967741370201111,4,"Easy, quick online process"
33, trust_pilot, 2025-11-15,5," ""The process of submitting a claim is‚Ä¶ The process of submitting a claim is fairly easy. Claims are also handled in a timely fashion.""",POSITIVE,0.9989293217658997,5,Simple and fast claim filing
34, trust_pilot, 2025-11-15,5," ""Such Ease and user friendly!""",POSITIVE,0.9993742108345032,4,"Easy, quick online process"
35, trust_pilot, 2025-11-15,5," ""Rep's always helpful & courteous. Thank you Rep's always helpful""",POSITIVE,0.9998624324798584,3,"Friendly, helpful customer service"
36, trust_pilot, 2025-11-15,5," ""Embrace is a great pet insurance Embrace is a great pet insurance! They make it so easy to put in a claim. So thankful we havent had to put in a claim in a long time but when Bootsie had an ear infection the other day we sent in a claim and got feedback right away. I would recommend this insurance to anybody looking for a good pet insurance!""",POSITIVE,0.9980790615081787,1,"Fast, supportive claims experience"
37, trust_pilot, 2025-11-14,5," ""Fast and easy to submit a claim and the‚Ä¶ Fast and easy to submit a claim and the claim is usually paid the next day!""",NEGATIVE,0.7230240702629089,5,Simple and fast claim filing
38, trust_pilot, 2025-11-14,5," ""It was straightforward and step by step‚Ä¶ It was straightforward and step by step instructions were provided. The whole process did not take long""",POSITIVE,0.7844247221946716,4,"Easy, quick online process"
39, trust_pilot, 2025-11-14,5," ""Invited Outstanding Support!!!! We have been with Embrace since August 2024. Our coverage includes wellness accident and illness insurance for two adult male cats. We just submitted our first two illness claims resulting from a significant initially life threatening stroke suffered by one of them. Treatment included emergency ICU and stabilization procedures at one practice for two days followed by two additional days at a neurological specialist and advanced care facility. Embrace approved both claims within 24 hours. The claims process was both flawless and seamless - truly outstanding in all regards. In all aspects our experience denoted a competent professional and caring company that provides its advertised services in an exemplary manner. Highly recommend in all regards. 6.0 on a 5.0 scale.""",POSITIVE,0.9996192455291748,1,"Fast, supportive claims experience"
40, trust_pilot, 2025-11-14,5," ""I like the ease and speed filing a‚Ä¶ I like the ease and speed filing a claim takes.""",POSITIVE,0.999492883682251,5,Simple and fast claim filing
41, trust_pilot, 2025-11-14,5," ""Quick and easy claim submission Quick and easy claim submission. Usually doesn't rake long for reimbursement.""",NEGATIVE,0.6476290225982666,5,Simple and fast claim filing
42, trust_pilot, 2025-11-14,5," ""Quick and easy submission Quick and easy submission. Terms of the policy seem to be fair and really help. Years ago I had pet insurance which did little to nothing.""",POSITIVE,0.9665678143501282,0,Senior pet premiums skyrocketing
43, trust_pilot, 2025-11-14,5," ""Embrace Pet Insurance has provided excellent service Embrace Pet Insurance has provided excellent coverage for my Dachsund Luna. Claims have been acted upon in a quick and timely manner.""",POSITIVE,0.9995973706245422,1,"Fast, supportive claims experience"
44, trust_pilot, 2025-11-14,5," ""Easy to submit online and quick‚Ä¶ Easy to submit online and quick response time everytime I've called with a question everyone has been friendly and courteous!""",POSITIVE,0.9857601523399353,4,"Easy, quick online process"
45, trust_pilot, 2025-11-14,5," ""All went well.""",POSITIVE,0.9997931122779846,3,"Friendly, helpful customer service"
46, trust_pilot, 2025-11-14,5," ""Invited Exceeded expectations The claims process was quick efficient easy and very fast. The claim was processed within 24 hours and the reimbursement was received within a couple days. Very happy with the entire process.""",POSITIVE,0.9996606111526489,2,Mixed service and tech issues
47, trust_pilot, 2025-11-14,5," ""Super easy submitting claim. Super easy submitting claim.""",NEGATIVE,0.9340258836746216,5,Simple and fast claim filing
48, trust_pilot, 2025-11-14,5," ""Embrace delivers Embrace delivers! I constantly have excellent service from awesome people. They are fast efficient and alerts kind and professional. As long as I have pets I will have embrace. Elise B""",POSITIVE,0.9998763799667358,1,"Fast, supportive claims experience"
49, trust_pilot, 2025-11-13,5," ""FAST and EASY!""",POSITIVE,0.9995701909065247,4,"Easy, quick online process"
50, trust_pilot, 2025-11-13,5," ""Invited I am 100% happy and grateful for Embrace Pet Insurance This is my first experience with pet insurance and I could not be happier with Embrace. After my dachshund was diagnosed with a significant issue I crossed my fingers that the coverage would kick in and that it would be a seamless and easy process. It has been both simple and easy. I've submitted several claims and all of them were reviewed the day they were submitted and paid that same day. Every call I've had with them has been very helpful and pleasant. They are responsive and seem to really care about my dogs care and my experience. I wish my own personal insurance was as easy!""",POSITIVE,0.999267041683197,1,"Fast, supportive claims experience"
51, trust_pilot, 2025-11-13,5," ""Embrace has been AMAZING!! Embrace has been AMAZING!!! Ive had in the last week 4 vet visits that they have been so quick with response and approval and payments for the visits!""",POSITIVE,0.9996373653411865,1,"Fast, supportive claims experience"
52, trust_pilot, 2025-11-13,5," ""Always a prompt and accurate response""",POSITIVE,0.9997805953025818,4,"Easy, quick online process"
53, trust_pilot, 2025-11-13,1," ""Invited Tries to deny claims Theyre an insurance company that does everything they can to deny a claim. Did you bring your pet to the vet after noticing strange behaviors and symptoms? Well according to them that dont qualify for insurance even if your pet is prescribed medicines and/or a diet.""",NEGATIVE,0.9989439845085144,0,Senior pet premiums skyrocketing
54, trust_pilot, 2025-11-13,5," ""User Friendly Claim process is pretty easy.""",POSITIVE,0.9741541743278503,5,Simple and fast claim filing
55, trust_pilot, 2025-11-13,5," ""I am so thankful I have embrace for my‚Ä¶ I am so thankful I have embrace for my two pups Chubbs and Darlie it give me peace when I have to take them to vet no matter what is going on""",POSITIVE,0.9993234872817993,1,"Fast, supportive claims experience"
56, trust_pilot, 2025-11-13,1," ""The Embrace website is HORRIBLE!!! The Embrace website is clumsy hides info to check for errors slow to send confirmation emails in a word: DISASTEROUS! I will be looking to switch my pet insurance just for the HORRIBLE EMBRACE WEBSITE DISASTER!""",NEGATIVE,0.999809205532074,1,"Fast, supportive claims experience"
57, trust_pilot, 2025-11-13,5," ""Very easy to submit the claim! Very easy to submit the claim!""",POSITIVE,0.9572682976722717,5,Simple and fast claim filing
58, trust_pilot, 2025-11-12,5," ""Invited Great experience The claims portion is so easy to use. Well explained and fast. We made claims and 2 hours later they were complete. Great experience!""",POSITIVE,0.9995540976524353,5,Simple and fast claim filing
59, trust_pilot, 2025-11-12,5," ""Always very quick with a fair response Always very quick with a fair response. Recommend this pet insurance for anyone with pets.""",POSITIVE,0.9982315897941589,0,Senior pet premiums skyrocketing
60, trust_pilot, 2025-11-12,5," ""Very easy to submit a claim.""",POSITIVE,0.9935774207115173,5,Simple and fast claim filing
61, trust_pilot, 2025-11-12,5," ""I had such a great experience using this site! The process to file a claim was super easy and straightforward ‚Äî everything was clearly explained and it only took a few minutes to complete. The layout is clean and user-friendly and I really appreciated how quick and efficient the whole process was. Highly recommend this site to anyone who wants a fast and hassle-free way to submit a claim!""",POSITIVE,0.9994458556175232,5,Simple and fast claim filing
62, trust_pilot, 2025-11-12,5," ""Our First Experience With Embrace! Recently our rescue puppy JR now 9 years old required surgery for an ear hematoma. We have had Embrace Insurance since we brought him home but until now had never used it so I was a little apprehensive about filing a claim. I have to say that it was one of the easiest most transparent processes I have ever been through with any insurance company. I uploaded the invoice from the vet answered a few short questions and the submission was done. The time was 3:18 pm EST. At 3:34 pm EST I received an email acknowledging the submission and giving us the good news that the claim was complete and that the surgery was covered by our policy! Embrace kept me informed every step of the way the submission process was simple and clear and the resolution was lightning fast! I am still shaking my head in disbelief at how easy this was and thankful that I kept this coverage from the beginning. This is a great company that I highly recommend! Well done Embrace!!! And THANK YOU!!!""",POSITIVE,0.9988677501678467,1,"Fast, supportive claims experience"
63, trust_pilot, 2025-11-12,5," ""Embrace is great! Embrace is a great company to insure your pets; we have worked with them for at least 10 years. Submitting claims is easy they cover a great amount and I have never had issues with them. Its nice to have the trust that our pets can get the care they need and we can afford it because of Embrace.""",POSITIVE,0.9998475313186646,1,"Fast, supportive claims experience"
64, trust_pilot, 2025-11-12,5," ""Website is easy to work with Website is easy to work with. Customer service and reimbursements are quick. Just hoping they can keep their rates the same as my contract is going to expire soon.""",NEGATIVE,0.7091196179389954,2,Mixed service and tech issues
65, trust_pilot, 2025-11-12,5," ""Easy claims submission and fast‚Ä¶ Easy claims submission and fast payment. Website is easy to navigate and this insurance is priced right!!""",POSITIVE,0.998749852180481,5,Simple and fast claim filing
66, trust_pilot, 2025-11-12,5," ""just followed directions they were‚Ä¶ just followed directions they were plain and clear""",NEGATIVE,0.8881104588508606,4,"Easy, quick online process"
67, trust_pilot, 2025-11-11,5," ""Claim Speedy efficient responses via email and claim.""",NEGATIVE,0.7956345081329346,5,Simple and fast claim filing
68, trust_pilot, 2025-11-11,5," ""Easy to file a claim.""",POSITIVE,0.9908812046051025,5,Simple and fast claim filing
69, trust_pilot, 2025-11-11,5," ""I'm satisfied with how my claim is processed. Its expeditiously paid. No hassles. I'm satisfied with how my claim is""",POSITIVE,0.9969761371612549,5,Simple and fast claim filing
70, trust_pilot, 2025-11-11,5," ""Quick and Fair Our Pit-Lab mix dog Coco has been insured by Embrace Pet Insurance since she was 6 weeks old. She was given a clean bill of health and after the required waiting period she has had full coverage up to $10000. At the age of 3 Coco was diagnosed with Exocrine Pancreatic Insufficiency a genetic disease that can be treated but not cured. The treatment is over $500 per month but Embrace has been paying 80% of that cost continuously since she was diagnosed. My rates have not risen any more than a healthy dog and they have never refused a claim.""",NEGATIVE,0.9875473976135254,0,Senior pet premiums skyrocketing
71, trust_pilot, 2025-11-11,5," ""Fast and easy to submit claims""",POSITIVE,0.9973830580711365,5,Simple and fast claim filing
72, trust_pilot, 2025-11-11,5," ""Your employees are your best‚Ä¶ Your employees are your best Ambassadors for your business. They ROCK!!!!!""",POSITIVE,0.9998676776885986,3,"Friendly, helpful customer service"
73, trust_pilot, 2025-11-11,5," ""Submitting a claim Submitting a claim. Just had to submit a claim. My dog ate a corn cob. The website is very easy to work with and Embrace customer service is excellent""",POSITIVE,0.9995330572128296,5,Simple and fast claim filing
74, trust_pilot, 2025-11-11,5," ""Submitting a claim was way easier than‚Ä¶ Submitting a claim was way easier than I expected.""",NEGATIVE,0.9860883355140686,5,Simple and fast claim filing
76, trust_pilot, 2025-11-11,5," ""Fast and easy claim process and reimbursement We have been customers of Embrace for over a decade and are always impressed by their service. Pricing is fair and I appreciate the ability to add on services like wellness. The online claims submission is incredibly easy and the explanation of benefits is easy to understand. Even if something is not covered I understand why. I wish all insurance were this easy to deal with!""",POSITIVE,0.9997209906578064,1,"Fast, supportive claims experience"
78, trust_pilot, 2025-11-11,5," ""Embrace has covered my cats for nearly 15 years Embrace has been covering my two cats for most of their 15 years. It has been easy to file claims. I receive electronic reimbursements. I have peace of mind that I can continue to afford and pursue quality care for my boys as they age.""",POSITIVE,0.999219536781311,1,"Fast, supportive claims experience"
79, trust_pilot, 2025-11-11,5," ""Simplicity of use.""",POSITIVE,0.9998326301574707,4,"Easy, quick online process"
80, trust_pilot, 2025-11-10,5," ""I am very happy with Embrace Pet‚Ä¶ I am very happy with Embrace Pet Insurance. We got the insurance about 5 years ago and didn't really need to use it until this year and the process to file a claim was really easy.""",POSITIVE,0.9995614886283875,1,"Fast, supportive claims experience"
81, trust_pilot, 2025-11-10,5," ""To submit a claim is very easy To submit a claim is very easy. App is user Friendly. Thank you for making this so easy.""",POSITIVE,0.9933260679244995,5,Simple and fast claim filing
82, trust_pilot, 2025-11-10,3," ""Telephone kept disconnecting after‚Ä¶ Telephone kept disconnecting after waiting for many minute. Disconnections when taking to a rep Finally got log in figured out and now I am happy.""",POSITIVE,0.9992955923080444,2,Mixed service and tech issues
83, trust_pilot, 2025-11-11,1," ""Customer Service Grossly Misrepresents their Policies My pet insurance policy was misrepresented to me prior to purchase but Embrace is telling me that they don't uphold anything said by their customer service reps. I attempted to clarify a policy detail with customer service prior to purchasing the policy and they assured me that only pre-existing conditions were not covered by the policy. The reality is that any condition which the insurance company deems related to a pre-existing condition is additionally not covered by the policy. In my case one of my cats has Entropion which is considered a pre-existing condition since she has had it since birth. I paid for the surgery to correct it but now Embrace informed me that any eye conditions (for example conjunctivitis) will not be covered at all by the policy unless the vet can clearly attribute the cause to an injury or other illness. If they cannot they will just assume the eye condition is related to the pre-existing condition (Entropion). This is a gross misrepresentation of the policy given that I explicitly asked customer service questions to try and understand what was and was not covered and this exclusion was not mentioned to me.""",NEGATIVE,0.9995390176773071,0,Senior pet premiums skyrocketing
84, trust_pilot, 2025-11-10,4," ""Submitting a claim was easy Submitting a claim was easy. Hopefully I will be reimbursed for my dog's care in an expedient manner.""",NEGATIVE,0.8867692947387695,5,Simple and fast claim filing
85, trust_pilot, 2025-11-10,5," ""Excellent service!!!!""",POSITIVE,0.9998668432235718,3,"Friendly, helpful customer service"
86, trust_pilot, 2025-11-19,1," ""DO NOT RECCOMEND!! UPDATE: Wow did you see how fast I got a response to a negative review but can't get a reply as a paying client re: any questions to my policies or claims??? And yes we can change plans or premiums but if you read the reviews of anyone who has tried it just gets even worse and MORE costly!! AnIMBURSES???? How can it reimburse when it's our own money??? And then you take any remaining funds that are not used at the end of the year. Don't try to spin it any other way than They're just a greedy corporate machine that cares more about profit than the health and well-being of our pets. And this is evidenced by how all they do is defend their shady policies in these comments. Not once have they admitted fault and helped a policy holder instead they just spew their excuses and make no concessions! First they lure you in with low monthly premiums for the 1st year then raise them a ridiculous and unfair amount every.single.year! And do not give the BS excuses for changing info on pet breeds and certain states approving your insane increases because that is just a load of crap. When trying to get reimbursed for treatments or medications they constantly deny deny deny!! And DO NOT let them talk you into their program!!! It benefits no one except them!! You pay into the wellness program with your OWN money use it to pay for all of the many many things they don't cover but at the end of the year if you have unused money in the wellness account THEY KEEP IT!!!! This is a direct quote from their website Any unused amount of the annual maximum will not roll over and is non-refundable.How is this wellness program a benefit to the policy holder? It's not! It's only a benefit to Embrace. I had to take a pet to the ER and the medication the ER doctor thought was the best medication to treat my pet happened to be an over-the-counter medication and not an Rx and Embrace refused to cover it! So now they know better than our vets what's best for our pets? Why should it matter if the RECOMMENDED medication is an FDA approved Rx or not? It's what THE VET recommended! Just wrong wrong wrong. And don't even get me started on how IMPOSSIBLE it is to contact anyone at Embrace!!! I tried for over a week via emailthe claims portal the online chat feature etc and NO ONE would get back to me. But they have TONS OF TIME to comment on all the negative reviews they get here! Unbelievable. I DO NOT RECOMMEND EMBRACE!""",NEGATIVE,0.9993833303451538,0,Senior pet premiums skyrocketing
87, trust_pilot, 2025-11-10,5," ""Always very prompt and caring Always very prompt and caring. Never had a problem with submitted claim. From all the horror stories I hear from pet owners this is the one you should have so no headaches""",POSITIVE,0.9986109733581543,0,Senior pet premiums skyrocketing
88, trust_pilot, 2025-11-10,5," ""Great to work with When I purchased the policy the agent explained the coverages recommended for a puppy. I had two puppies at the time that are now 2 years old. Since purchasing the policies for both my fur babies they have had sick visits and one hospital stay. I never though I would need pet insurance but I'm glad I chose Embace. I""",POSITIVE,0.9981195330619812,0,Senior pet premiums skyrocketing
89, trust_pilot, 2025-11-10,5," ""Easy to submit claims through the‚Ä¶ Easy to submit claims through the website.""",NEGATIVE,0.9888650178909302,5,Simple and fast claim filing
90, trust_pilot, 2025-11-10,5," ""Easy reimbursement Easy reimbursement. Awesome!""",POSITIVE,0.999788224697113,4,"Easy, quick online process"
91, trust_pilot, 2025-11-10,5," ""WellnessCheck was awesome great vets""",POSITIVE,0.9997236132621765,3,"Friendly, helpful customer service"
92, trust_pilot, 2025-11-09,5," ""Easy to navigate even for 74 year old.""",POSITIVE,0.9995355606079102,4,"Easy, quick online process"
93, trust_pilot, 2025-11-09,5," ""Very easy submitting a claim Very easy submitting a claim. Happy with the service I have received so far.""",POSITIVE,0.9994431138038635,5,Simple and fast claim filing
94, trust_pilot, 2025-11-09,4," ""Confusion set in but it turns out to be‚Ä¶ Confusion set in but it turns out to be not complicated. So the 4 stars is a beginners experience.""",POSITIVE,0.7192520499229431,4,"Easy, quick online process"
95, trust_pilot, 2025-11-08,1," ""MAJOR PRICE INCREASE They did okay for awhile. I received about $2500 last year in reimbursements on my $10000 policy.. so they went ahead and raised my rate by over 2x / 100%. From about $150 per month to about $350 per month!! In one year for barely using the policy.. highway robbery..""",NEGATIVE,0.9810158610343933,0,Senior pet premiums skyrocketing
96, trust_pilot, 2025-11-08,5," ""I've been using Embrace for about 8‚Ä¶ I've been using Embrace for about 8 years. It's been great as far as having the easiest submittal procedures. Their rates are very reasonable compared to a lot of other pet insurances. One thing that sometimes irritates me a bit is that the website is slow. Little space dog sometimes takes his sweet time in changing pages. Otherwise no complaints!""",NEGATIVE,0.9930970072746277,1,"Fast, supportive claims experience"
97, trust_pilot, 2025-11-08,5," ""Lots of experience I have had Embrace pet insurance coverage for 2 dogs and 2 cats over the last 7 years. I did not find coverage for the cats worthwhile so I dropped them from my policy. I also did not find the Wellness Program worthwhile as it's basically a savings account specifically for pet use but if you don't use it all like FSA funds you lose it. It was frustrating to see my coverage increase substantially as my dog aged but whenever I needed to use the insurance Embrace came through. The claim submission process is super easy and when my Sparty's time with us came to an end the Embrace staff was incredibly compassionate. Cancer took my best furry friend rather abruptly but the outpouring of sympathy was much appreciated. Thank you Embrace.""",NEGATIVE,0.9790760278701782,1,"Fast, supportive claims experience"
98, trust_pilot, 2025-11-08,5," ""I have been using Embrace for quite‚Ä¶ I have been using Embrace for quite awhile now and they have been extremely good for all my animals. I have had to file a number of claims and I have never had a problem with them. The only holdup I have ever had was because the veterinarian neglected to put something in the paperwork.""",NEGATIVE,0.9281797409057617,1,"Fast, supportive claims experience"
99, trust_pilot, 2025-11-08,5," ""Great customer service and explanation‚Ä¶ Great customer service and explanation of benefits""",POSITIVE,0.9998538494110107,3,"Friendly, helpful customer service"
100, trust_pilot, 2025-11-08,5," ""My representative was so informative My representative was so informative. I appreciate her time explaining in detail what the insurance covers. A satisfying experience knowing my dogs and soon litter will be protected by a good insurance company that meets your needs and budget friendly I will recommend to new owners of my puppies as well""",POSITIVE,0.9997183680534363,0,Senior pet premiums skyrocketing
101, trust_pilot, 2025-11-07,5," ""Simple process Simple process. I'll be more please when the claim is accepted.""",POSITIVE,0.9965547323226929,5,Simple and fast claim filing
102, trust_pilot, 2025-11-07,1," ""On hold for way too long trying to‚Ä¶ On hold for way too long trying to remove a dog that passed away and then they credited me for the wrong amount. Long time customer of Embrace but doubt I shall continue with them.""",NEGATIVE,0.9947975873947144,1,"Fast, supportive claims experience"
104, trust_pilot, 2025-11-06,5," ""Submitting a claim is easy and being‚Ä¶ Submitting a claim is easy and being reimbursed is quick. All my questions were answered with satisfaction I‚Äôm glad I insured my pets with Embrace.""",POSITIVE,0.9991405010223389,1,"Fast, supportive claims experience"
105, trust_pilot, 2025-11-06,5," ""easy claim submittal""",POSITIVE,0.6049447059631348,5,Simple and fast claim filing
106, trust_pilot, 2025-11-06,5," ""I had help from two different gals I had help from two different gals they each were very helpful and sweet!""",POSITIVE,0.9996488094329834,3,"Friendly, helpful customer service"
107, trust_pilot, 2025-11-06,2," ""I have had this for about eight months‚Ä¶ I had this for about eight months now paying about $60 a month. I rescued this little guy from the shelter and he had been trying to get out of his crate there and had a little hair loss at the top of his head which was noted when I took him in to get a check up took him in for a yeast ear infection and somehow that is related to the hair loss and is not going to be covered. I also had an issue with him having diarrhea and the doctor treated it with probiotic instead of medication because they treated it with probiotic insurance will not cover the visit so I am not having much luck with them. I‚Äôll be surprised if they ever pay for anything if I keep them.""",NEGATIVE,0.9991058707237244,0,Senior pet premiums skyrocketing
108, trust_pilot, 2025-11-06,3," ""They keep raising prices with out‚Ä¶ They keep raising prices with out notice! I haven‚Äôt use this policy not one time!""",NEGATIVE,0.9331531524658203,0,Senior pet premiums skyrocketing
109, trust_pilot, 2025-11-06,5," ""Long Term Customer Have been insured by Embrace for 2 different Pets for 11 years. 6 years with Ali all experiences have been excellent.""",POSITIVE,0.9996110796928406,1,"Fast, supportive claims experience"
110, trust_pilot, 2025-11-05,5," ""Invited Great Customer Service I reached out to them to figure out what additional information was needed for a claim. The representative stayed on the phone with me while she checked it out and called others. Within 24 hours I received a detailed note explaining the process and my policy. They did a great job.""",POSITIVE,0.9987753033638,2,Mixed service and tech issues
111, trust_pilot, 2025-11-05,5," ""Great pet insurance Great pet insurance. easy to submit claims and quick payment""",POSITIVE,0.9990135431289673,0,Senior pet premiums skyrocketing
112, trust_pilot, 2025-11-05,5," ""Embrace has been easy to deal with Embrace has always responded quickly and and clearly answered any questions I have. They have promptly paid and he covered reimbursements. Everyone I have dealt with there has been friendly and helpful.""",POSITIVE,0.9991967082023621,1,"Fast, supportive claims experience"
113, trust_pilot, 2025-11-05,5," ""Embrace pet ins representatives were‚Ä¶ Embrace pet ins representatives were very prompt and helpful friendly and caring. This was our first time getting pet insurance and they made it easy no stress! The claim process was quick and easy and I got my reimbursement within a few days.Im so glad we chose Embrace!""",POSITIVE,0.9982625842094421,1,"Fast, supportive claims experience"
114, trust_pilot, 2025-11-05,4," ""Submitting claims online is super easy‚Ä¶ Submitting claims online is super easy w/Embrace. For the most part their reimbursement amounts are pretty decent& their customer service on the phone is very good. However I just hope that they don‚Äôt jack up their monthly rates again in the spring like they did this last spring when my policy renewed. Fortunately I was able to raise my deductible and bring the premium back down to a reasonable level‚Ä¶.""",POSITIVE,0.9851852655410767,5,Simple and fast claim filing
115, trust_pilot, 2025-11-05,1," ""Many claims are not covered due to‚Ä¶ Many claims are not covered due to reasons that are not applicable. Deductible is high.""",NEGATIVE,0.9980641007423401,0,Senior pet premiums skyrocketing
116, trust_pilot, 2025-11-05,2," ""i have filed 3 claims over a month ago‚Ä¶ i have filed 3 claims over a month ago and none have been processed.""",NEGATIVE,0.9984772801399231,2,Mixed service and tech issues
117, trust_pilot, 2025-11-05,5," ""Embrace makes it simple‚Ä¶ Embrace makes it simple to file a claim. You only have to upload the vet bill and that‚Äôs it. üòä""",POSITIVE,0.9972501397132874,1,"Fast, supportive claims experience"
118, trust_pilot, 2025-11-04,5," "" Great customer service The embrace team was helpful and polite every phone call I made to them. I appreciate the quick communication from them and always keeping me updated throughout my claims process!""",POSITIVE,0.9997898936271667,1,"Fast, supportive claims experience"
119, trust_pilot, 2025-11-04,5," ""Had several claims quick response Had several claims quick response. Embrace seems to care about Gunny no argument about paying for needed care""",POSITIVE,0.7901166677474976,1,"Fast, supportive claims experience"
120, trust_pilot, 2025-11-04,5," ""Easy to use every time for almost 11‚Ä¶ Easy to use every time for almost 11 years.""",NEGATIVE,0.8335190415382385,4,"Easy, quick online process"
122, trust_pilot, 2025-11-04,5," ""Invited Easy claims process Easy claims process good customer service.""",POSITIVE,0.997766375541687,5,Simple and fast claim filing
123, trust_pilot, 2025-11-04,5," ""I love this insurance I love this insurance. It gives me a piece of mind that if anything happens to Dolly she's protected""",POSITIVE,0.9997764229774475,0,Senior pet premiums skyrocketing
124, trust_pilot, 2025-11-04,5," ""Best Pet Insurance out there! The Embrace Pet Insurance web page is very easy to use. Making a claim takes under a minute and they are very prompt with reply‚Äôs and reimbursement. This company knows what they are doing and it makes my life less stressful! Thank You Embrace!!!""",POSITIVE,0.9984050393104553,1,"Fast, supportive claims experience"
125, trust_pilot, 2025-11-04,5," ""Always fast with claims Always fast with claims friendly knowledgeable employees that seem to sincerely care. I‚Äôve been with Embrace for over 12 years and several Boxers. They‚Äôve never let me down. I 100% recommend Embrace to anyone/everyone that wants to help your pet and your pocketbook in the best health possible.""",POSITIVE,0.9997074007987976,1,"Fast, supportive claims experience"
126, trust_pilot, 2025-11-04,5," ""Customer service is exceptional.""",POSITIVE,0.9998452663421631,3,"Friendly, helpful customer service"
127, trust_pilot, 2025-11-03,5," ""Very happy with Embrace I have a senior dachshund who has frequent visits to his vet for skin ear and heart issues. Embrace responds to my claims and reimbursement is directly deposited in my bank account within a few days. Also Embrace makes it very easy to file a claim on line. Very happy with our choice of pet insurance.""",POSITIVE,0.9997807145118713,1,"Fast, supportive claims experience"
130, trust_pilot, 2025-11-03,5," ""Great experience every time Great experience. In reading so many other reviews I suggest people get this insurance from the start and never lapse on their payment. Very low chance of difficulty then. They get on it very quickly!""",POSITIVE,0.9935874938964844,0,Senior pet premiums skyrocketing
131, trust_pilot, 2025-11-03,5," ""Wonderful expedient experience and reimbursement I‚Äôve had embrace pet insurance for many years now and my 10 year seven month old golden Shepherd was diagnosed with congestive heart failure an arrhythmia. Embrace has been wonderful about reimbursing me for all the medicines and Cardiology appointments.""",POSITIVE,0.9997879862785339,1,"Fast, supportive claims experience"
132, trust_pilot, 2025-11-03,5," ""THEY ARE FAIR THEY ARE FAIR""",POSITIVE,0.9993871450424194,4,"Easy, quick online process"
133, trust_pilot, 2025-11-03,5," ""Easy filing claims Customer Service is‚Ä¶ Easy filing claims Customer Service is great I feel I‚Äôm getting the best deal for Pet Insurance for my dog""",POSITIVE,0.9969698786735535,0,Senior pet premiums skyrocketing
134, trust_pilot, 2025-11-02,1," ""Amy from Embrace never followed-up with‚Ä¶ Amy from Embrace never followed-up with alternative policies as promised after Embrace sent me a 67% increase for my renewal. I submitted zero claims and have a healthy pet.""",NEGATIVE,0.9377422332763672,1,"Fast, supportive claims experience"
135, trust_pilot, 2025-11-02,5," ""My dog needed surgery for a luxating‚Ä¶ My dog needed surgery for a luxating patella. The claims were very easy to file online and I received reimbursement within a week. The surgery costs with preop appointments was close to $4000 so I was very grateful to have the coverage. The only complaint I have is about the increase of premiums after the first year. The coverage was well worth it though""",POSITIVE,0.9984258413314819,0,Senior pet premiums skyrocketing
136, trust_pilot, 2025-11-04,1," ""Premature request for review You prompted me to write a review about submitting a claim. Yes the apparent submission seemed simple enough. As you have not approved it nor have I received reimbursement yet it seems quite oddly premature. Edit: I now see this review is tagged as an unprompted review which is clearly a lie.""",NEGATIVE,0.9996516704559326,5,Simple and fast claim filing
137, trust_pilot, 2025-11-02,1," ""Claim submission through the app‚Ä¶ Claim submission through the app doesn‚Äôt work on purpose to make the process harder""",NEGATIVE,0.9997301697731018,5,Simple and fast claim filing
138, trust_pilot, 2025-11-02,5," ""User friendly site""",POSITIVE,0.9934803247451782,4,"Easy, quick online process"
139, trust_pilot, 2025-11-01,5," ""Totally awesome company My fur baby was very sick with pancreatitis and when I took her to the veterinary clinic it was a total relief not to worry about the cost I just told them do what needs to be done. I sent them a photo of the bill and in a few days I was reimbursed my 90% it cost me. 100.00""",POSITIVE,0.9982656836509705,0,Senior pet premiums skyrocketing
140, trust_pilot, 2025-11-01,5," ""Simple claims submission process from‚Ä¶ Simple claims submission process from website.""",NEGATIVE,0.9804666638374329,5,Simple and fast claim filing
141, trust_pilot, 2025-11-01,3," ""Invited When I signed up they requested my dogs history needless to say didn‚Äôt know they hadn‚Äôt received it until I needed to use their insurance and are unreasonably denying to pay for a lump deemed nothing to worry about from two vets so now will not cover bumps or cancer this is how they get out of coverage. Very unhappy . Beware""",NEGATIVE,0.999175488948822,0,Senior pet premiums skyrocketing
142, trust_pilot, 2025-11-01,5," ""I just insured our new kitten that we‚Ä¶ I just insured our new kitten that we got and the process was very easy and fast and the cost is nicely laid outso far I am happy  let‚Äôs see after I use it.üòÉ""",POSITIVE,0.9994651675224304,0,Senior pet premiums skyrocketing
143, trust_pilot, 2025-11-01,5," ""Kind Assistance For financial reasons I needed to cancel my insurance after not using it for years. The customer service rep offered me an extremely reasonable accident insurance change for my sweet cat. Thank you!""",POSITIVE,0.9887681603431702,0,Senior pet premiums skyrocketing
145, trust_pilot, 2025-11-01,5," ""Invited Fast and easy""",POSITIVE,0.9995461106300354,4,"Easy, quick online process"
148, trust_pilot, 2025-10-31,5," ""Very impressed with the customer‚Ä¶ Very impressed with the customer service and the quick response to our pups needs.""",POSITIVE,0.99978107213974,3,"Friendly, helpful customer service"
149, trust_pilot, 2025-10-31,5," ""Integrity i continue to be impressed with the integrity and speed of reimbursement from Embrace Pet Insurance.""",POSITIVE,0.9997922778129578,1,"Fast, supportive claims experience"
150, trust_pilot, 2025-10-31,5," ""Easy to submit claim. Easy to submit claim.""",NEGATIVE,0.9540410041809082,5,Simple and fast claim filing
152, trust_pilot, 2025-10-31,5," ""Embrace is quick to respond""",POSITIVE,0.9995332956314087,1,"Fast, supportive claims experience"
153, trust_pilot, 2025-10-31,1," ""Nothing worked or connected Nothing worked or connected. I emailed customer support and heard nothing back.""",NEGATIVE,0.9993801116943359,2,Mixed service and tech issues
154, trust_pilot, 2025-10-31,5," ""I've used Embrace for 6 years I've used Embrace for 6 years! Embrace continues to provide exceptional insurance coverage for my two pets. The reimbursement process is easy and quick. I highly recommend and appreciate their customer service.""",POSITIVE,0.9998552799224854,1,"Fast, supportive claims experience"
158, trust_pilot, 2025-10-30,4," ""Friendly service""",POSITIVE,0.9997889399528503,3,"Friendly, helpful customer service"
159, trust_pilot, 2025-10-30,5," ""Very reasonable and fair treatment Very reasonable and fair treatment. Much better than what I'm used to with pet insurance.""",POSITIVE,0.9994481205940247,0,Senior pet premiums skyrocketing
162, trust_pilot, 2025-10-30,5," ""Very easy to work with! Very easy to work with!""",POSITIVE,0.9996730089187622,4,"Easy, quick online process"
165, trust_pilot, 2025-10-30,5," ""Easyclaim processing. Very easy and fast claim processing.""",POSITIVE,0.9973360896110535,5,Simple and fast claim filing
168, trust_pilot, 2025-10-30,5," ""The rep Veronica was very understanding‚Ä¶ The rep Veronica was very understanding and looked into my issue and was able to solve it I have been with Embrace over 15 years and it cane in handy when Rowen was bite by snake which required him to stay 3 days in the hospital. Thank g-d he was gummy covered I have two policies the Wellness policy and major medical I always adj pet owners do you have pet insurance either they say never heard of pet insurance or they say why should I have it. That‚Äôs when I get on my soapbox Thank you EMBRACE Rheeta and Rowen ‚ô•Ô∏è""",POSITIVE,0.9974350333213806,1,"Fast, supportive claims experience"
170, trust_pilot, 2025-10-30,2," ""Shameful Shameful. After paying dutifully into our coverage for 11 years they more than doubled our premium in one year without raising our coverage. So we would always be paying them more than ever possibly receiving. It is shameful and disgraceful and heartbreaking. Leaving us high and dry in Rocky‚Äôs final years.""",NEGATIVE,0.9988983869552612,0,Senior pet premiums skyrocketing
171, trust_pilot, 2025-10-29,5," ""Long time happy customer Long time happy customer My cavalier has been covered by Embrace since puppyhood. He's now 12 years and it's been quite the ride: he's a wonderful dog with lots of medical problems over the years. I've been very happy with the coverage Embrace has provided for his emergency care.""",POSITIVE,0.9997451901435852,1,"Fast, supportive claims experience"
172, trust_pilot, 2025-10-29,5," ""Embrace makes it so easy Embrace makes it so easy. I will always use Embrace for all my pets. Rarely are there any rejections. We live in a very rural place my dog is always getting hurt. So we embrace Embrace pet insurance. Thanks for your love.""",POSITIVE,0.9997265934944153,1,"Fast, supportive claims experience"
173, trust_pilot, 2025-10-29,5," ""The ease in submitting the claim The ease in submitting the claim. Easier than doing anything for humans.""",POSITIVE,0.9650549292564392,5,Simple and fast claim filing
174, trust_pilot, 2025-10-29,1," ""Embrace did not cover all the claims I‚Ä¶ Embrace did not cover all the claims I submitted for my pet Peanut who is now dead. She was diagnosed with a tumor that ruptured in her ear. I submitted a precertification for a catscan procedure for them to find out how bad was the tumor. This procedure was also denied by Embrace.""",NEGATIVE,0.9996150732040405,1,"Fast, supportive claims experience"
179, trust_pilot, 2025-10-28,5," ""Vets did a great job!""",POSITIVE,0.9997729659080505,3,"Friendly, helpful customer service"
180, trust_pilot, 2025-10-28,5," ""Simple and Intuitive Very easy to navigate and did not take much time at all.""",NEGATIVE,0.9945532083511353,4,"Easy, quick online process"
183, trust_pilot, 2025-10-27,5," ""Great Customer Support I had a small issue with having to change information in my account. I called customer service and had a flawless experience. The change was effective immediately. The representative was extremely helpful and always kept me informed. No complaints from me.""",POSITIVE,0.9998171925544739,2,Mixed service and tech issues
185, trust_pilot, 2025-10-27,5," ""It is a reall seamless process to‚Ä¶ It is a reall seamless process to submit claims and rapid turnaround time for reimbursement (<1 week). Excellent service highly recommend!""",POSITIVE,0.999672532081604,5,Simple and fast claim filing
190, trust_pilot, 2025-10-27,1," ""Extreamly long hold timed and lots of‚Ä¶ Extreamly long hold timed and lots of automatic messages from filed claims.""",NEGATIVE,0.9919595122337341,5,Simple and fast claim filing
192, trust_pilot, 2025-10-27,1," ""I haven‚Äôt been able to reach anyone at‚Ä¶ I haven‚Äôt been able to reach anyone at Embrace. I have a question about coverage. Their website bot is useless and no one picked up the phone over 15 minutes so I gave up.""",NEGATIVE,0.9997187256813049,2,Mixed service and tech issues
193, trust_pilot, 2025-10-27,5," ""Super easy online claim filing and‚Ä¶ Super easy online claim filing and super fast reimbursement.""",NEGATIVE,0.9788689017295837,5,Simple and fast claim filing
195, trust_pilot, 2025-10-27,5," ""Excellent service Easy transactions""",POSITIVE,0.9997406601905823,3,"Friendly, helpful customer service"
199, trust_pilot, 2025-10-27,3," ""Claim process Submission of a claim was fairly simple. When additional information was needed they reached out to the provider. I had to take Jack to an emergency vet as our normal vet does not have night hours. I received an Email telling me how much of my claim was approved with little explanation. With a vet bill of over $1100 I felt the reimbursement of slightly over $300 was on the low side. Still I‚Äôm glad I had insurance to get some money back""",NEGATIVE,0.9985960125923157,0,Senior pet premiums skyrocketing
200, trust_pilot, 2025-10-27,3," ""Submission of a claim was fairly simple When additional information was needed they reached out to the provider I had to take Jack to an emergency vet as our normal vet does not have night hours I received an Email telling me how much of my claim was approved with little explanation With a vet bill of over 1100 I felt the reimbursement of slightly over 300 was on the low side Still Im glad I had insurance to get some money back""",NEGATIVE,0.9988353848457336,0,Senior pet premiums skyrocketing
201, trust_pilot, 2025-10-27,5," ""Ive had Embrace for my dog since she was a puppy and shes now 11 Its very easy to submit a claim online claims are reviewed and resolved very quickly and Ive always had clear communication from Embrace""",POSITIVE,0.9966411590576172,1,"Fast, supportive claims experience"
202, trust_pilot, 2025-10-27,5," ""Clementine was awesome and her explanation of benefits very pleased so far""",POSITIVE,0.9998757839202881,3,"Friendly, helpful customer service"
203, trust_pilot, 2025-10-28,3," ""Phone help was outstanding Still waiting for response to email help and inability to access account settings POST RESPONSE nice to see they dont read the review either I am STILL waiting for an email response about my inability to access and change my account info""",NEGATIVE,0.9987837672233582,2,Mixed service and tech issues
204, trust_pilot, 2025-10-26,5," ""The Embrace website is so easy to use to file claims I am extremely pleased with Embrace""",POSITIVE,0.9997677206993103,1,"Fast, supportive claims experience"
205, trust_pilot, 2025-10-26,5," ""Wonderful personalized professional service from a caring professional her name was Yunelly She explained to me that if I did nothing our two cats that are now 14 years old would be having a near double increase in their monthly premium She went over alternatives and how to reduce the premium and explain how come the rate was going up I kind of understood why most of it was going to be but I really need to be honest was a bit shocked at the amount of increase You have to admit we really treat our babies like humans anyway its pretty much the same cost as a human healthcare insurance when they get older Anyway she was wonderful and help me make a decision on how to move forward""",POSITIVE,0.998925507068634,0,Senior pet premiums skyrocketing
206, trust_pilot, 2025-10-26,2," ""Frustrating when the exact diagnosis is not listed Also the review function would not let me review my submitted invoice and would only display the circle of confusion""",NEGATIVE,0.9991409778594971,2,Mixed service and tech issues
207, trust_pilot, 2025-10-26,5," ""Easy to submit claim Clear directions""",POSITIVE,0.9964930415153503,5,Simple and fast claim filing
208, trust_pilot, 2025-10-25,5," ""Very easy to use check or file a claim""",POSITIVE,0.9878864288330078,5,Simple and fast claim filing
209, trust_pilot, 2025-10-25,3," ""My dog had to have a tooth removal and a representative told me it was probably covered up to 75 percent Embrace didnt support 1 percent Also an upgrade in coverage cost doubled""",NEGATIVE,0.999038815498352,1,"Fast, supportive claims experience"
210, trust_pilot, 2025-10-25,5," ""The sight is easy to navigate""",POSITIVE,0.9993888139724731,4,"Easy, quick online process"
211, trust_pilot, 2025-10-25,5," ""Acted on the claim very quickly just submitted the vet bill of services and they took it from there very happy with the service""",POSITIVE,0.9991880059242249,0,Senior pet premiums skyrocketing
212, trust_pilot, 2025-10-25,5," ""Submitting the claim was easy to do from my tablet Thank you for making it available rather than having to mail anything in""",POSITIVE,0.8995052576065063,5,Simple and fast claim filing
213, trust_pilot, 2025-10-25,1," ""Claim for dental procedures denied as preexisting They failed to discover the preexisting until almost a year after we enrolled The condition was treated and resolved Per policy dental treatment is covered once it is treated and resolved We had it treated and resolved and they still denied it They do not advise you of exclusions for preexisting until a claim is submitted They take the premiums and provide no coverage""",NEGATIVE,0.9983868598937988,0,Senior pet premiums skyrocketing
214, trust_pilot, 2025-10-25,5," ""The claim process was seamless I received precertification within minutes My French Bull dog suffered an acute allergic reaction and had to be rushed to the ER vet Due to the severity he needed an overnight stay but knowing that Embrace covered the cost was incredibly reassuring Hes doing fine now""",POSITIVE,0.9953005313873291,1,"Fast, supportive claims experience"
215, trust_pilot, 2025-10-25,5," ""Submitting claims and receiving reimbursements is quick an easy Evaluations are fair""",NEGATIVE,0.9520558714866638,5,Simple and fast claim filing
216, trust_pilot, 2025-10-25,5," ""I have had multiple claims in the past 4 years for my cockapoo Kelsey I have never had any problems getting my payment I am so happy I purchase this insurance if not I would be very hard pressed for money to pay for her to have care""",POSITIVE,0.9995645880699158,0,Senior pet premiums skyrocketing
217, trust_pilot, 2025-10-25,2," ""App is broken Spent a long time attempting to file my first claim and finally was able to do so on the desktop app I had Pets Best in the past and may consider switching back to them because its very glitchy and there isnt a way to upload anything under the wellness plan The interface with Pets Best was easier and they had a working app""",NEGATIVE,0.9994156360626221,2,Mixed service and tech issues
218, trust_pilot, 2025-10-25,1," ""Takes too long to get paid Too automated cant talk to a real person all the time""",NEGATIVE,0.999678373336792,4,"Easy, quick online process"
219, trust_pilot, 2025-10-25,5," ""The ease in filing a claim is remarkable Wow""",POSITIVE,0.9998617172241211,5,Simple and fast claim filing
220, trust_pilot, 2025-10-24,5," ""Always efficient and dependable""",POSITIVE,0.9998630285263062,4,"Easy, quick online process"
221, trust_pilot, 2025-10-24,1," ""Ive been with Embrace for about seven years Until now I had no major issues and only filed a few small claims This past year my dog needed ACL surgery an expensive but necessary procedure that Embrace covered I appreciated that but any goodwill I had evaporated when I received my renewal notice My annual premium is jumping from 1300 to 2500 Thats almost a 100 percent increase in a single year When I called to ask why I was told it wasnt because of my large claim but honestly its hard to believe How else can you explain doubling the cost This kind of pricing is not just frustrating it is punishing Many of us cant afford that kind of sudden increase especially after already paying thousands over the years for coverage we hoped wed never need I understand costs rise as pets age but this is excessive and feels exploitative Pet insurance should protect pet owners from financial strain not create more of it Embrace needs to be transparent and accountable for how these massive rate hikes are justified because right now it feels like loyal customers are being taken advantage of the moment they actually use the coverage theyve been paying for I expected an increase but this is absolutely unacceptable""",NEGATIVE,0.9986036419868469,0,Senior pet premiums skyrocketing
222, trust_pilot, 2025-10-24,5," ""I am very impressed with Embrace From the agent who sold me our pet policy to our first claim process I have been extremely pleased Even when you call to ask a question the people are very helpful professional and courteous Definitely glad I went with Embrace for our pet insurance""",POSITIVE,0.9997867941856384,1,"Fast, supportive claims experience"
223, trust_pilot, 2025-10-24,5," ""Agent took the time to fully explain policy and gave detailed instruction on how to file a claim""",POSITIVE,0.8699822425842285,5,Simple and fast claim filing
224, trust_pilot, 2025-10-24,1," ""Do not spend the monthly fees they are all the same wont cover any emergency procedures""",NEGATIVE,0.9888948202133179,0,Senior pet premiums skyrocketing
225, trust_pilot, 2025-10-23,5," ""Submitting the claim was simple Now if the payment process is just as easy I will be thrilled""",NEGATIVE,0.504391074180603,5,Simple and fast claim filing
226, trust_pilot, 2025-10-23,3," ""The app kept stopping so I had to use my computer Thats fine but what if I didnt have access to a computer Id be stuck""",NEGATIVE,0.9987503290176392,2,Mixed service and tech issues
227, trust_pilot, 2025-10-23,3," ""The app is easy use However every time I file a claim they say they need all paper work for my dog called the SOAP I have sent it numerous times via email and the app but keep getting my claims delayed by weeks or months because they say they do not have all her paper work when they do It can be frustrating and annoying every time I file a claim have to explain they have all the paper work and then waiting months to finally get reimbursed after several back and forth emails Its like nothing is saved in my file I cant understand the issue""",NEGATIVE,0.999299168586731,2,Mixed service and tech issues
228, trust_pilot, 2025-10-23,1," ""I have two policies with Embrace Never used them I decided to give it a try with three bills from emergency vet visits in 2024 After six months of trying multiple phone calls I was unable to get my receipts taken care of because they said Codie had been seen by a vet they had no records for in 2020 I had given them all his vet visits As he was rescued during the pandemic I had about four visits with different vets The three bills were all less than 350 dollars and were for diarrhea and a rash Still they refuse to pay nor communicate with me No matter how long I sit on the phone or how many calls I make I have paid them over 4500 dollars I am canceling because this is ridiculous They are just taking my money My next call will be a report to the BBB""",NEGATIVE,0.9994814991950989,0,Senior pet premiums skyrocketing
229, trust_pilot, 2025-10-23,1," ""Terrible customer service""",NEGATIVE,0.999643087387085,3,"Friendly, helpful customer service"
230, trust_pilot, 2025-10-23,5," ""Very easy to submit claims and easy to contact on phone and helpful and kind""",POSITIVE,0.9962083101272583,5,Simple and fast claim filing
231, trust_pilot, 2025-10-23,5," ""Great quick claim service Received reimbursement of funds quickly""",NEGATIVE,0.9693940877914429,5,Simple and fast claim filing
232, trust_pilot, 2025-10-22,5," ""Simple to use and fair pricing""",POSITIVE,0.9969989061355591,4,"Easy, quick online process"
233, trust_pilot, 2025-10-22,5," ""Great team""",POSITIVE,0.9998610019683838,3,"Friendly, helpful customer service"
234, trust_pilot, 2025-10-22,5," ""I wasnt sure that insurance was worth it but on the first visit I paid 249 Embrace reimbursed me 150 of that which is great One charge was a fecal test at 70 I have 90 percent coverage and 100 deductible""",NEGATIVE,0.968475341796875,0,Senior pet premiums skyrocketing
235, trust_pilot, 2025-10-22,1," ""I cancelled my policy on all four of my dogs My claim for unrelated growth removals was denied as preexisting even after my vet explained they were unrelated Embrace denied the appeal This was my first experience with pet insurance and I regret choosing Embrace They have a pattern of denying legitimate claims based on reviews I take excellent care of my dogs and this company made the situation aggravating and disappointing Do your research before trusting them""",NEGATIVE,0.9994716048240662,0,Senior pet premiums skyrocketing
236, trust_pilot, 2025-10-22,5," ""Easy claim process just would like more wellness coverage""",NEGATIVE,0.9796274900436401,5,Simple and fast claim filing
237, trust_pilot, 2025-10-22,5," ""So easy to submit a claim and payment is timely do love this insurance""",POSITIVE,0.9965746402740479,5,Simple and fast claim filing
238, trust_pilot, 2025-10-22,1," ""Embrace is morally bankrupt They raise premiums astronomically after pets age or need care I was a customer for 14 years and my premiums increased 40 percent last year and 83 percent this year They hide behind excuses like inflation but its clear they care more about shareholders than pets I regret ever supporting them They have no loyalty to long term customers BEWARE""",NEGATIVE,0.9947861433029175,1,"Fast, supportive claims experience"
239, trust_pilot, 2025-10-21,5," ""Submitting a claim was easy and they were very prompt in sending the money I was due""",POSITIVE,0.7721499800682068,5,Simple and fast claim filing
240, trust_pilot, 2025-10-21,5," ""always fast to submitt a claim always fast to submitt a claim""",NEGATIVE,0.5133340358734131,5,Simple and fast claim filing
241, trust_pilot, 2025-10-21,5," ""Im very happy with this coverage for my two dogs""",POSITIVE,0.9997969269752502,0,Senior pet premiums skyrocketing
242, trust_pilot, 2025-10-21,1," ""Im writing this review because Embraces website essentially makes you write a review in order to submit claims Ive actually had a decent experience with them aside from this""",NEGATIVE,0.8029758930206299,1,"Fast, supportive claims experience"
243, trust_pilot, 2025-10-21,5," ""Very easy to complete a claim The website provides a nice stepwise process and is clear and easy to read and navigate""",POSITIVE,0.9998123049736023,5,Simple and fast claim filing
244, trust_pilot, 2025-10-21,1," ""Documents were provided for dental but also for two growth removals including margins Embrace never considered the growths Very disappointing given the 1400 per year premiums""",POSITIVE,0.9633236527442932,0,Senior pet premiums skyrocketing
245, trust_pilot, 2025-10-21,5," ""Easy quick and effective""",POSITIVE,0.9998476505279541,4,"Easy, quick online process"
246, trust_pilot, 2025-10-21,5," ""excellent service""",POSITIVE,0.9998655319213867,3,"Friendly, helpful customer service"
247, trust_pilot, 2025-10-20,5," ""Embrace has been an excellent company to work with Their representatives are pet friendly professional and efficient Submitting claims is really easy We have had Embrace for two cats and now for two dogs and a cat I am a very satisfied customer""",POSITIVE,0.9993302822113037,1,"Fast, supportive claims experience"
248, trust_pilot, 2025-10-20,5," ""Betsy made my renewal process very easy and understandable Thank you very much""",POSITIVE,0.9998418092727661,4,"Easy, quick online process"
249, trust_pilot, 2025-10-20,5," ""Submitting a claim was very easy the prompts walked me through it quickly I spoke to a representative who helped me with the online process Hoping our claim gets taken care of for us""",NEGATIVE,0.9978213310241699,5,Simple and fast claim filing
250, trust_pilot, 2025-10-20,5," ""We have used Embrace pet insurance for 9 years now always with a good experience especially during the hard times""",POSITIVE,0.999016284942627,1,"Fast, supportive claims experience"
251, trust_pilot, 2025-10-20,5," ""Hannah was excellent and was so helpful during the setup process I would highly recommend""",POSITIVE,0.9998087286949158,4,"Easy, quick online process"
252, trust_pilot, 2025-10-20,4," ""great processing of claim good timming""",POSITIVE,0.9996829032897949,5,Simple and fast claim filing
253, trust_pilot, 2025-10-20,5," ""Very easy process wish human claims were this easy""",NEGATIVE,0.9925870299339294,5,Simple and fast claim filing
254, trust_pilot, 2025-10-20,3," ""I just submitted my first claim It was very easy but I have not received an approval yet lets see how it goes""",NEGATIVE,0.9971969127655029,5,Simple and fast claim filing
255, trust_pilot, 2025-10-19,1," ""Embrace insurance is very deceiving on how they do their claims They nit pick all the fees picking only the low fees like a cone for an emergency visit but not the actual emergency exam and medicine I feel this is a rip off for all customers The claims adjusters are not good and make the customer do their job I do not recommend this company for anyone""",NEGATIVE,0.9996581077575684,1,"Fast, supportive claims experience"
256, trust_pilot, 2025-10-19,5," ""Embrace is great The communication ease of claim submission and turnaround time The customer service is on point and exceeds expectations I would recommend and do it all over again""",POSITIVE,0.999713122844696,1,"Fast, supportive claims experience"
257, trust_pilot, 2025-10-19,2," ""For some reason my email is now not associated with an account after I paid 469 for an annual membership Now I have to go through the hassle of figuring out how to fix it so I can even put in a claim""",NEGATIVE,0.9995762705802917,2,Mixed service and tech issues
258, trust_pilot, 2025-10-19,1," ""I guess this leading statement in the comments box What went wrong this time explains their work My dog is experiencing something causing him to vomit and Ive had numerous tests done to see what might be the cause Because a vet visit 11 and a half months ago mentioned vomiting Embrace stated this is a preexisting condition Vomiting really Who has a dog who never vomits My case is extreme this time but Embrace refused to reimburse me anything They said he would be covered for vomiting in the future if he has no further case of it for 12 months I missed the window of opportunity by half a month""",NEGATIVE,0.9995457530021667,1,"Fast, supportive claims experience"
259, trust_pilot, 2025-10-18,3," ""Took the insurance for a test drive with my claim Not sure at this time but forty eight point five zero times twelve is about five hundred eighty two per year without meds eight hundred seventy seven point four six deductible and a little over one thousand thirty three for the claims including meds not covered for a total of about one thousand four hundred fifty nine point four six out by the customer I could be off by some change or a dollar but that is the picture I was looking at However they were kind and courteous""",NEGATIVE,0.9690278768539429,0,Senior pet premiums skyrocketing
260, trust_pilot, 2025-10-18,3," ""I called to cancel my plan and was subsequently hung up on when I told the representative that everything is a preexisting condition according to their underwriters as that was my response to her telling me that any new insurance company I select will do the same thing""",NEGATIVE,0.9995452761650085,0,Senior pet premiums skyrocketing
261, trust_pilot, 2025-10-18,5," ""Embrace Pet Insurance is the real deal My dog had to have emergency surgery for bladder stone removal after being diagnosed with a urinary tract infection I received an invoice for the initial visit and another invoice for the surgery I submitted both invoices on Embraces website and two business days later they issued two checks and mailed them I couldnt be happier with this company""",NEGATIVE,0.9949634075164795,1,"Fast, supportive claims experience"
262, trust_pilot, 2025-10-17,5," ""Easy and straightforward process""",POSITIVE,0.9996199607849121,4,"Easy, quick online process"
263, trust_pilot, 2025-10-17,5," ""excellent insurance and simple to file claims""",POSITIVE,0.9998171925544739,5,Simple and fast claim filing
264, trust_pilot, 2025-10-17,1," ""No matter what I submit for a claim Embrace finds a reason not to pay out what they promise I have invoices documentation and emails from the vet explaining the diagnosis yet I still have nothing I am not happy and not renewing""",NEGATIVE,0.9996612071990967,1,"Fast, supportive claims experience"
265, trust_pilot, 2025-10-17,5," ""Is there anyway that you can add Rx Renewal to the diagnosis""",NEGATIVE,0.9979999661445618,0,Senior pet premiums skyrocketing
266, trust_pilot, 2025-10-17,5," ""Very personable and gave me useful information""",POSITIVE,0.9996448755264282,4,"Easy, quick online process"
267, trust_pilot, 2025-10-17,5," ""So easy to file a claim I mostly submit for monthly grooming and yearly routine vaccinations Highly recommend Embrace Pet Insurance""",POSITIVE,0.996075451374054,0,Senior pet premiums skyrocketing
268, trust_pilot, 2025-10-17,5," ""Wow It was very fast and easy to file the claim""",POSITIVE,0.9986996650695801,5,Simple and fast claim filing
269, trust_pilot, 2025-10-17,5," ""Its just so easy sending in your bills a lot easier than my own health insurance""",NEGATIVE,0.9846205711364746,0,Senior pet premiums skyrocketing
270, trust_pilot, 2025-10-17,5," ""Forget it too complicated for old people""",NEGATIVE,0.9986300468444824,4,"Easy, quick online process"
271, trust_pilot, 2025-10-17,2," ""The response time for Embrace is great but they always try to tie claims to preexisting conditions even when symptoms are unrelated My pup had a pancreatitis attack and because he also had diarrhea during his stay the entire 4500 claim was denied This feels unfair and frustrating""",NEGATIVE,0.9986302852630615,1,"Fast, supportive claims experience"
272, trust_pilot, 2025-10-16,4," ""I like the easy and practical way I can place a claim without difficulty I love the response time and method""",POSITIVE,0.999811589717865,5,Simple and fast claim filing
273, trust_pilot, 2025-10-16,5," ""My dog got bronchitis took him to the vet He had xrays and antibiotics I sent the invoice to Embrace and was reimbursed in less than a week""",NEGATIVE,0.9927130341529846,0,Senior pet premiums skyrocketing
274, trust_pilot, 2025-10-16,2," ""Unable to select provider from webpage The provider field would not respond on multiple computers and browsers Eventually the phone app worked after several minutes""",NEGATIVE,0.9995298385620117,2,Mixed service and tech issues
275, trust_pilot, 2025-10-16,4," ""Easy to submit claim but I just submitted it and havent gotten an approval yet so I cannot say if it will be approved""",NEGATIVE,0.9990383386611938,5,Simple and fast claim filing
276, trust_pilot, 2025-10-16,5," ""wonderful service and an easy website to use""",POSITIVE,0.9998846054077148,3,"Friendly, helpful customer service"
277, trust_pilot, 2025-10-16,5," ""Claims processed quickly""",NEGATIVE,0.9901553392410278,5,Simple and fast claim filing
278, trust_pilot, 2025-10-16,5," ""Thanks to Embrace Pet Insure It is easy to make a claim I am very happy""",POSITIVE,0.9996008276939392,1,"Fast, supportive claims experience"
279, trust_pilot, 2025-10-16,5," ""A great company that values dog health Easy to submit""",POSITIVE,0.9997753500938416,0,Senior pet premiums skyrocketing
280, trust_pilot, 2025-10-16,5," ""I have never had a problem with getting help with questions Always so polite and very helpful""",POSITIVE,0.9995775818824768,4,"Easy, quick online process"
281, trust_pilot, 2025-10-15,5," ""Super easy to make the claim and hear back within days""",POSITIVE,0.9923849105834961,5,Simple and fast claim filing
282, trust_pilot, 2025-10-15,5," ""Embrace has been very good to work with They tell me what I need to do and help me with the processing of my claims""",POSITIVE,0.9996904134750366,1,"Fast, supportive claims experience"
283, trust_pilot, 2025-10-15,3," ""Shamefully increasing to the highest premium each year of my dogs life Ive been with them for 12 yrs They only care about money not the animals They pay for what they say they do because they have to""",NEGATIVE,0.9938194155693054,0,Senior pet premiums skyrocketing
284, trust_pilot, 2025-10-15,5," ""Our kitty had a 3 day hospital stay I sent in my claims and documents and prepared to wait for approval They were approved in less than 24 hours The service is awesome and the coverage was as expected I am very grateful for Embrace""",POSITIVE,0.9996272325515747,1,"Fast, supportive claims experience"
285, trust_pilot, 2025-10-15,5," ""Your customer service have NEVER let me down Every person Ive spoken with has been kind knowledgeable and so helpful I love working with your company I PRAY that you never change I know INSURANCE has a stigma Im hoping that EMBRACE actually stays COOL making pets just AS important as their bottom line""",POSITIVE,0.9975130558013916,1,"Fast, supportive claims experience"
286, trust_pilot, 2025-10-15,5," ""Fast claims and precertifications Quick accurate and efficient claims process Super fast precertification process of ensuring coverage before proceeding with costly medical testing""",POSITIVE,0.997111439704895,5,Simple and fast claim filing
287, trust_pilot, 2025-10-15,5," ""Embrace has always been wonderful and easy to deal with Claim submission is a breeze and everyone I have ever spoken with is polite and professional They are also very caring for our dogs Highly recommended""",POSITIVE,0.999818742275238,1,"Fast, supportive claims experience"
288, trust_pilot, 2025-10-15,5," ""Not cheap insurance but its really easy to submit a claim and processing is hassle free Frankly I cant believe it My dog has cancer and Ive had to take her to a veterinary teaching hospital at Purdue University for specialized care and the insurance company hasnt given me a problem at all They also pay claims quickly What a relief""",NEGATIVE,0.9920226335525513,0,Senior pet premiums skyrocketing
289, trust_pilot, 2025-10-15,1," ""At this point Im disappointed in Embrace Ive had the policy for 9 months and have not received a cent of repayment yet have paid monthly premiums My account at ASLCA on a for met pet was much easier to navigate and prompt in payment""",NEGATIVE,0.9988934397697449,1,"Fast, supportive claims experience"
290, trust_pilot, 2025-10-15,5," ""Our cat has been experiencing health issues recently some of which are serious Embrace has reimbursed us for all of the claims we have submitted to them I am very satisfied with this company""",POSITIVE,0.9903693795204163,1,"Fast, supportive claims experience"
291, trust_pilot, 2025-10-15,5," ""Its very easy to submit a claim and Embrace usually gets back to me in a reasonable amount of time They make it clear what is and is not covered by my cats policies what the deductible is so I dont have to worry about any of that Im getting a great deal on the one cat who has a claim every month for her prescription and the other cat only ever used his once but boy was I glad to have insurance when he did""",POSITIVE,0.7253687977790833,1,"Fast, supportive claims experience"
292, trust_pilot, 2025-10-14,1," ""Please trust that this is the absolute slimy company you are reading reviews to try to avoid""",NEGATIVE,0.9847457408905029,4,"Easy, quick online process"
293, trust_pilot, 2025-10-14,5," ""I am not very computer literate however by following directions that were easily understood I was able to file a claim Your website is very user friendly I also had a conversation not too long ago with one of your employees and was very pleased with how considerate and helpful she was""",POSITIVE,0.998694121837616,2,Mixed service and tech issues
294, trust_pilot, 2025-10-14,5," ""Customer service was great as always""",POSITIVE,0.9996750354766846,3,"Friendly, helpful customer service"
295, trust_pilot, 2025-10-14,5," ""I love Embrace Pet Insurance It is so easy to upload a claim and they process it right away If you have any questions or concerns their staff is helpful and quick to resolve your problems if any""",POSITIVE,0.978394091129303,1,"Fast, supportive claims experience"
296, trust_pilot, 2025-10-14,5," ""They were very fast in completing my claim I got about 90 percent of the bill back Im very happy with this insurance""",POSITIVE,0.8540076613426208,0,Senior pet premiums skyrocketing
297, trust_pilot, 2025-10-14,5," ""Our family has been protected by Embrace since Hollys Gotcha Day Its been 4 years now with unwavering protection from Embrace to Hollys wellbeing They kept their promise and covered Hollys healthcare needs reimbursing all the vet and specialty care Holly went through TPLO on both hind knees a tumor on her tail and now back pain related to spinal disc infection and inflammation in the last 4 years Embrace is there for us through all these We are grateful for Embrace and will recommend them to anyone needing pet insurance""",POSITIVE,0.9995193481445312,1,"Fast, supportive claims experience"
298, trust_pilot, 2025-10-14,5," ""First of all thrilled to talk to a real person and secondly their insurance programs for pets are wonderful Easy to submit claims takes a couple of minutes and reimbursement occurs within two weeks The wellness program is a great add in to our emergency and sick policy allowing for grooming wellness checkups food and is a great all around saver Love it""",POSITIVE,0.9997798800468445,0,Senior pet premiums skyrocketing
299, trust_pilot, 2025-10-14,5," ""You get answers quickly My questions are always answered and representatives are always very polite and informative""",POSITIVE,0.9996337890625,4,"Easy, quick online process"
300, trust_pilot, 2025-10-14,1," ""Embrace is a total scam You are better off saving the premium money for when your pet needs to see a vet Despite having received my vet records for the 12 month prepolicy Embrace is still withholding reimbursement for an emergency vet visit due to an insect bite 6 months ago They are now requesting vet records from 4 years ago so they can keep hunting to try to find that preexisting condition to get them out of reimbursing me Beware""",NEGATIVE,0.9993509650230408,1,"Fast, supportive claims experience"
301, trust_pilot, 2025-10-14,2," ""I got a quick response but it did not answer my question I have asked again twice but to no avail""",NEGATIVE,0.9985706806182861,4,"Easy, quick online process"
302, trust_pilot, 2025-10-13,1," ""We insured our dog with Embrace her whole life The monthly premium started at around 60 dollars and steadily increased over the years Last year we paid them nearly 5000 in premiums with barely any claims On her 12th birthday they emailed me telling us we would now have to pay 733 a month 8796 a year for a 10k yearly max The options they offered still left my dogs recent injury and physical therapy poorly covered and it feels like the model is broken Save the money yourself and set it aside while your pets are young and healthy so you can support them yourself as they age""",NEGATIVE,0.9996987581253052,0,Senior pet premiums skyrocketing
303, trust_pilot, 2025-10-13,5," ""I spoke to a customer representative who answered the call within a minute She promptly reviewed my submissions and approved three of them while on the phone and submitted two others to an adjuster Within 2 days these were also approved I was very impressed by the pleasantness efficiency and knowledge of this representative""",POSITIVE,0.9997785687446594,2,Mixed service and tech issues
304, trust_pilot, 2025-10-13,5," ""Best pet insurance company I am kind of blown away""",NEGATIVE,0.9993855953216553,0,Senior pet premiums skyrocketing
305, trust_pilot, 2025-10-13,1," ""Frustrating process to receive claims They have yet to refund my claims and it has been over 4 months""",NEGATIVE,0.9991944432258606,2,Mixed service and tech issues
306, trust_pilot, 2025-10-13,5," ""We have been with Embrace Pet Insurance for years They have always paid quickly and been a godsend when our dog developed a cancerous tumor and needed radiation treatment He is doing great and this visit was for a different issue and I do not expect any problems""",POSITIVE,0.9976094961166382,1,"Fast, supportive claims experience"
307, trust_pilot, 2025-10-13,5," ""They make it easy and helpful when submitting claims""",POSITIVE,0.9980800151824951,5,Simple and fast claim filing
308, trust_pilot, 2025-10-13,5," ""I have a dog with serious liver disease and have submitted multiple invoices large and small to Embrace They have consistently repaid me in a timely manner and this gives me a bit of comfort during a scary time""",POSITIVE,0.9997605681419373,0,Senior pet premiums skyrocketing
309, trust_pilot, 2025-10-13,5," ""I was having difficulty logging in to file a claim The customer service person was so patient and advised me how to best access my account so I could file a claim I got into my account the first time after taking her advice and was able to submit my claim in about 2 minutes""",NEGATIVE,0.9980543851852417,2,Mixed service and tech issues
310, trust_pilot, 2025-10-13,5," ""Embrace has been responsive and covered a significant amount of the costs I really appreciate the speed of review and the acceptance of the diagnosis""",POSITIVE,0.9993035793304443,1,"Fast, supportive claims experience"
311, trust_pilot, 2025-10-13,5," ""I would recommend Embrace for when you are bringing a new puppy home It is a lot harder and more frustrating trying to get an older dog covered""",NEGATIVE,0.9954046010971069,1,"Fast, supportive claims experience"
312, trust_pilot, 2025-10-13,5," ""Your computer system is so easy and intuitive Claims are processed promptly""",NEGATIVE,0.8693075776100159,5,Simple and fast claim filing
313, trust_pilot, 2025-10-13,5," ""After nearly 5 years of just having a policy and never needing it I was pleasantly surprised by the ease of submitting claims for my cats emergency care visit""",POSITIVE,0.9977108240127563,0,Senior pet premiums skyrocketing
314, trust_pilot, 2025-10-13,5," ""Thorough wellness exam performed as usual Directions and feedback were easy to understand and to the point The doctor and assistant were very nice and caring and I felt good about the whole experience""",POSITIVE,0.9998493194580078,3,"Friendly, helpful customer service"
315, trust_pilot, 2025-10-13,3," ""Requesting a claim is easy However they do not let you submit the medical records from your vet They email your vet and copy you and my vet submitted medical records for two dates but they only approved the first one and kept the second on hold despite me emailing and uploading documents It is a lot of work on your end to submit a claim""",NEGATIVE,0.9882838726043701,0,Senior pet premiums skyrocketing
316, trust_pilot, 2025-10-13,5," ""It is really super easy to submit a claim It is usually processed quickly and you receive your payment quickly""",NEGATIVE,0.8894822001457214,5,Simple and fast claim filing
317, trust_pilot, 2025-10-12,5," ""For 10 years Embrace has been covering Jacks vet bills and reimbursing us in a timely manner They were very sympathetic when they learned of Jacks death from heart failure and I recommend Embrace for anyone needing very good medical coverage for their furry friends""",POSITIVE,0.9996082186698914,1,"Fast, supportive claims experience"
318, trust_pilot, 2025-10-12,5," ""I was asked to write a follow up regarding submission of an invoice that got tweaked somewhere along the way It was no problem whatsoever Embrace made it easy to email a new copy without going through the rest of the process again and the claim was paid the same day They were very helpful as they always are and we truly appreciate a business that is so easy to deal with""",POSITIVE,0.9958688020706177,2,Mixed service and tech issues
