id,source,created_at,rating,text
1, trust_pilot, 2025-11-23, 5, "I have no complaints with Embrace other‚Ä¶ I have no complaints with Embrace other than their APP never seams to work when I need it. Other wise excellent ! Submit claim and in 2 to 3 days your reimbursement is in the bank. Love it! If only personal health insurance was that Easy!!!"
2, trust_pilot, 2025-11-23, 1, "Rate tripled year over year Embrace will not cancel when your dog gets old. However, they will raise your rate from $2,500 a year to $9,900 a year for a policy that pays a maximum of $10,000. Embrace met their contracted obligations and advertised statements for 12 years. Approach with caution."
3, trust_pilot, 2025-11-22, 5, "Embrace Answers The rep I spoke to was very understanding and said to submit my claim for my lost pet again and shell see if they will honor it. Anytime I had questions they were there to help me . Its great knowing the company is truly animal friendly !"
4, trust_pilot, 2025-11-21, 5, "Very pleased with Embrace Pet Insurance. I have the normal insurance plus the Wellness addition. I have had a few claims with the Wellness part and have found it very easy to file the claim and received a response within a couple of days. Very pleased with the quick response. I have had the opportunity to speak with customer support and was pleased with the friendly and supportive assistance."
5, trust_pilot, 2025-11-21, 1, "Do not use them Do not use them. After years a decade and a half of using them the abruptly changed my monthly premium for two dogs to 1200$ from 400$ which had been steadily increasing. The maximum pay out is $10000 because I set this up in 2010. Its a disgrace that they treat senior dogs like this. Clearly this is a business and they dont care about your pets. I recommend looking elsewhere or invest the same money into a money market or low risk investment account. I will never use them again."
6, trust_pilot, 2025-11-21, 5, "The claims process was very simple."
7, trust_pilot, 2025-11-21, 1, "Ripped me off Ripped me off. I only had my policy a couple days and then they abruptly canceled it and kept my money. I tried to get in touch with them and they are not answering."
8, trust_pilot, 2025-11-20, 5, "Handled our claim with thoughtfulness as well as efficiency. We recently had to say goodbye to our faithful dog Nelson after several visits to the vet. Embrace handled our claim almost immediately. They sent a thoughtful message with condolences and were very help during this difficult time. They also took the time to remove Nelson from our account so I did not have to worry about getting that done and applied a credit for the remaining days of his coverage to our account for our other dogs."
9, trust_pilot, 2025-11-20, 5, "Quick Response Embrace has a very quick response time. My claim was viewed within 24 hours. The app on my phone made it very convenient and easy to complete. The information they give is easily understood."
10, trust_pilot, 2025-11-20, 1, "Avoid this company they will drop your senior dog when you need them most. I was an Embrace customer for over 13 years and used to recommend them to everyone. Sadly I cant say that anymore. This year they raised the premium on my 15-year-old chihuahua from about $2000 to over $10000 annually even with the multi-pet discount. The plan only pays out a maximum of $10000 per year so the new price makes the coverage essentially worthless. Theyre pushing us off the policy without technically cancelling us. My dog has been insured with Embrace since he was 3 and had more than a decade of healthy years with almost no issues. Now that hes developed two conditions that count as pre-existing no other insurer will cover him in any meaningful way. After more than a decade of loyalty were left uninsured when he needs help the most. When I called Embrace for an explanation all I got was a canned response about state-approved rates and rising veterinary costs. Yes vet care has gone up but nothing justifies a fivefold increase in one year. Because of this experience Ill also be removing my younger dog from Embrace. A company that treats long-term customers this way does not deserve our trust."
11, trust_pilot, 2025-11-20, 5, "Embrace is a top notch pet insurance company Embrace provides a very easy claims process with reimbursement sometimes happening on the same day. It also provides great coverage for the money. The support staff is empathetic and very helpful even offering suggestions to lower premium costs without jeopardizing coverage. We have two dogs who have been covered by Embrace for many years and some serious medical issues."
12, trust_pilot, 2025-11-19, 5, "Glad to be here I just signed up for my 2 cats after my last company jacked up the premium for one cat from $160 per month to $550. The person I spoke with was pleasant clear and informative. The sign up process was easy and quick. The rates were very good. So far so good."
13, trust_pilot, 2025-11-19, 5, "FIXED A PROBLEM IN A TIMELY MANNER."
14, trust_pilot, 2025-11-18, 5, "Thank goodness for Dog insurance with Embrace My dog was hit by a car and Embrace were very helpful when I called them about this. I submitted all the paper work and received payment within a few days. Would recommend them Easy to use system for claims and extremely polite staff."
15, trust_pilot, 2025-11-18, 5, "Efficient Fast thorough and efficient claim process."
16, trust_pilot, 2025-11-18, 5, "Very pleased with Embrace Embrace Insurance has a easy to use app for filing claims and they provide excellent communication about the status of a claim. I am very pleased with the coverage our policy has provided."
17, trust_pilot, 2025-11-18, 1, "They can cant answer my questions I keep calling I get no answers today. I got put on hold and then to a voicemail which no ones responded to. I haven paid any of my claims since August so I would say I am not a very happy customer. They used to be great but now not so much.."
18, trust_pilot, 2025-11-18, 5, "I am going to be honest I am going to be honest: I was worried. But my first claim ever submitted was so easy and the wonderful employees at Embrace processed it so quickly delivering me a comprehensive breakdown and everything and a quick return on my refund. My pup needed extensive testing with a specialist and I would do anything for him. Embrace gave me peace of mind that I could do that and more within my policy and have the financial help I needed to do it. I cannot speak more highly of Embrace and will continue to utilize their services for my pup now and my pups in the future."
19, trust_pilot, 2025-11-17, 5, "The person in customer service was‚Ä¶ The person in customer service was great and very helpful."
20, trust_pilot, 2025-11-17, 5, "Very easy to use and submit a claim"
21, trust_pilot, 2025-11-17, 4, "The process was much easier than previou The process was much easier than previous experiences. Last year I had bills that I didn't submit because I dreaded the process. I was overwhelmed with illness in the family and could not not get my head around the forms. however I find this insurance more expensive than others The deductible is outrageous. Dr. Hoffman is fabulous."
22, trust_pilot, 2025-11-16, 5, "Claims are so easy to do! Claims are so easy to do!"
23, trust_pilot, 2025-11-16, 1, "Ten Years of Trust Gone Overnight Im really sad to write this review. Ive had Embrace for ten years with no issues and I even recommended them to others long before they had a referral program. As we approached the ten year mark they started calling me nonstop. When I finally spoke with someone they told me my premium was increasing to 4.5x what I had been paying. This was on top of the yearly increases they already apply. They were calling because they KNEW people would be pissed if that auto charge would have happened without letting people know. This is the stage of my dogs life when she needs coverage the most and they raised the premium higher than what I pay for both my own and my sons health insurance combined. It feels like they were trying to push long term customers out before any major vet bills come up. I am extremely disappointed and now my aging dog is left without coverage. Its all shady and typical for an insurance company. I now tell everyone to avoid Embrace and just save money is a pet savings account for the day you may need it."
24, trust_pilot, 2025-11-16, 1, "No Common Sense What went wrong was when I signed up my new puppy, the wellness policy was not added. I turned in a claim and it was denied. Now I have another dog signed up for almost a year. Common sense would tell you to sign up the dog for wellness when I said I wanted the same thing the first dog had. Then I spoke with someone else and they said I could add wellness. I would have to pay over $400.00 because it would have to be backdated to before the dog was born. Senseless!"
25, trust_pilot, 2025-11-16, 5, "Claims & overall site Revised site & claims process much improved & easier"
26, trust_pilot, 2025-11-16, 5, "Submitting the claim was fast and simple Submitting the claim was fast and simple"
27, trust_pilot, 2025-11-16, 5, "Great simple, quick, and efficient website. Took less than five minutes to upload the claim."
28, trust_pilot, 2025-11-16, 5, "Quick, Easy, Attentive Customer service is easy to reach and can always help me. They are quick to review and reimburse claims. I have been really pleased with the coverage and service for my pets since we have had Embrace the past 7 years."
29, trust_pilot, 2025-11-16, 5, "I talked to two people I talked to two people. The second called me to see what they could do to make the policy work for me. We were on the phone for an hour before we could find a solution. It was amazing customer service."
30, trust_pilot, 2025-11-16, 5, "As always I appreciate EMBRACE As always I appreciate EMBRACE. A real human answers the phone!!!! AND called me! When does THAT happen anymore. Also It is easy to file a claim. No hidden small print. Whats covered is clear. In the past I have received fair and prompt reimbursement. I hope they never change their way of doing business."
31, trust_pilot, 2025-11-15, 5, "Recommend Embrace for coverage Have only had coverage for 4 cats for about 6 months now, but I am very pleased with their customer service. Filing of claims has been exceptionally easy. I highly recommend getting coverage with Embrace."
32, trust_pilot, 2025-11-15, 5, "This was easy and took only a few‚Ä¶ This was easy and took only a few mintues."
33, trust_pilot, 2025-11-15, 5, "The process of submitting a claim is‚Ä¶ The process of submitting a claim is fairly easy. Claims are also handled in a timely fashion."
34, trust_pilot, 2025-11-15, 5, "Such Ease and user friendly!"
35, trust_pilot, 2025-11-15, 5, "Rep's always helpful & courteous. Thank you Rep's always helpful"
36, trust_pilot, 2025-11-15, 5, "Embrace is a great pet insurance Embrace is a great pet insurance! They make it so easy to put in a claim. So thankful we havent had to put in a claim in a long time but when Bootsie had an ear infection the other day we sent in a claim and got feedback right away. I would recommend this insurance to anybody looking for a good pet insurance!"
37, trust_pilot, 2025-11-14, 5, "Fast and easy to submit a claim and the‚Ä¶ Fast and easy to submit a claim and the claim is usually paid the next day!"
38, trust_pilot, 2025-11-14, 5, "It was straightforward and step by step‚Ä¶ It was straightforward and step by step instructions were provided. The whole process did not take long"
39, trust_pilot, 2025-11-14, 5, "Invited Outstanding Support!!!! We have been with Embrace since August 2024. Our coverage includes wellness accident and illness insurance for two adult male cats. We just submitted our first two illness claims resulting from a significant initially life threatening stroke suffered by one of them. Treatment included emergency ICU and stabilization procedures at one practice for two days followed by two additional days at a neurological specialist and advanced care facility. Embrace approved both claims within 24 hours. The claims process was both flawless and seamless - truly outstanding in all regards. In all aspects our experience denoted a competent professional and caring company that provides its advertised services in an exemplary manner. Highly recommend in all regards. 6.0 on a 5.0 scale."
40, trust_pilot, 2025-11-14, 5, "I like the ease and speed filing a‚Ä¶ I like the ease and speed filing a claim takes."
41, trust_pilot, 2025-11-14, 5, "Quick and easy claim submission Quick and easy claim submission. Usually doesn't rake long for reimbursement."
42, trust_pilot, 2025-11-14, 5, "Quick and easy submission Quick and easy submission. Terms of the policy seem to be fair and really help. Years ago I had pet insurance which did little to nothing."
43, trust_pilot, 2025-11-14, 5, "Embrace Pet Insurance has provided excellent service Embrace Pet Insurance has provided excellent coverage for my Dachsund Luna. Claims have been acted upon in a quick and timely manner."
44, trust_pilot, 2025-11-14, 5, "Easy to submit online and quick‚Ä¶ Easy to submit online and quick response time everytime I've called with a question everyone has been friendly and courteous!"
45, trust_pilot, 2025-11-14, 5, "All went well."
46, trust_pilot, 2025-11-14, 5, "Invited Exceeded expectations The claims process was quick efficient easy and very fast. The claim was processed within 24 hours and the reimbursement was received within a couple days. Very happy with the entire process."
47, trust_pilot, 2025-11-14, 5, "Super easy submitting claim. Super easy submitting claim."
48, trust_pilot, 2025-11-14, 5, "Embrace delivers Embrace delivers! I constantly have excellent service from awesome people. They are fast efficient and alerts kind and professional. As long as I have pets I will have embrace. Elise B"
49, trust_pilot, 2025-11-13, 5, "FAST and EASY!"
50, trust_pilot, 2025-11-13, 5, "Invited I am 100% happy and grateful for Embrace Pet Insurance This is my first experience with pet insurance and I could not be happier with Embrace. After my dachshund was diagnosed with a significant issue I crossed my fingers that the coverage would kick in and that it would be a seamless and easy process. It has been both simple and easy. I've submitted several claims and all of them were reviewed the day they were submitted and paid that same day. Every call I've had with them has been very helpful and pleasant. They are responsive and seem to really care about my dogs care and my experience. I wish my own personal insurance was as easy!"
51, trust_pilot, 2025-11-13, 5, "Embrace has been AMAZING!! Embrace has been AMAZING!!! Ive had in the last week 4 vet visits that they have been so quick with response and approval and payments for the visits!"
52, trust_pilot, 2025-11-13, 5, "Always a prompt and accurate response"
53, trust_pilot, 2025-11-13, 1, "Invited Tries to deny claims Theyre an insurance company that does everything they can to deny a claim. Did you bring your pet to the vet after noticing strange behaviors and symptoms? Well according to them that dont qualify for insurance even if your pet is prescribed medicines and/or a diet."
54, trust_pilot, 2025-11-13, 5, "User Friendly Claim process is pretty easy."
55, trust_pilot, 2025-11-13, 5, "I am so thankful I have embrace for my‚Ä¶ I am so thankful I have embrace for my two pups Chubbs and Darlie it give me peace when I have to take them to vet no matter what is going on"
56, trust_pilot, 2025-11-13, 1, "The Embrace website is HORRIBLE!!! The Embrace website is clumsy hides info to check for errors slow to send confirmation emails in a word: DISASTEROUS! I will be looking to switch my pet insurance just for the HORRIBLE EMBRACE WEBSITE DISASTER!"
57, trust_pilot, 2025-11-13, 5, "Very easy to submit the claim! Very easy to submit the claim!"
58, trust_pilot, 2025-11-12, 5, "Invited Great experience The claims portion is so easy to use. Well explained and fast. We made claims and 2 hours later they were complete. Great experience!"
59, trust_pilot, 2025-11-12, 5, "Always very quick with a fair response Always very quick with a fair response. Recommend this pet insurance for anyone with pets."
60, trust_pilot, 2025-11-12, 5, "Very easy to submit a claim."
61, trust_pilot, 2025-11-12, 5, "I had such a great experience using this site! The process to file a claim was super easy and straightforward ‚Äî everything was clearly explained and it only took a few minutes to complete. The layout is clean and user-friendly and I really appreciated how quick and efficient the whole process was. Highly recommend this site to anyone who wants a fast and hassle-free way to submit a claim!"
62, trust_pilot, 2025-11-12, 5, "Our First Experience With Embrace! Recently our rescue puppy JR now 9 years old required surgery for an ear hematoma. We have had Embrace Insurance since we brought him home but until now had never used it so I was a little apprehensive about filing a claim. I have to say that it was one of the easiest most transparent processes I have ever been through with any insurance company. I uploaded the invoice from the vet answered a few short questions and the submission was done. The time was 3:18 pm EST. At 3:34 pm EST I received an email acknowledging the submission and giving us the good news that the claim was complete and that the surgery was covered by our policy! Embrace kept me informed every step of the way the submission process was simple and clear and the resolution was lightning fast! I am still shaking my head in disbelief at how easy this was and thankful that I kept this coverage from the beginning. This is a great company that I highly recommend! Well done Embrace!!! And THANK YOU!!!"
63, trust_pilot, 2025-11-12, 5, "Embrace is great! Embrace is a great company to insure your pets; we have worked with them for at least 10 years. Submitting claims is easy they cover a great amount and I have never had issues with them. Its nice to have the trust that our pets can get the care they need and we can afford it because of Embrace."
64, trust_pilot, 2025-11-12, 5, "Website is easy to work with Website is easy to work with. Customer service and reimbursements are quick. Just hoping they can keep their rates the same as my contract is going to expire soon."
65, trust_pilot, 2025-11-12, 5, "Easy claims submission and fast‚Ä¶ Easy claims submission and fast payment. Website is easy to navigate and this insurance is priced right!!"
66, trust_pilot, 2025-11-12, 5, "just followed directions they were‚Ä¶ just followed directions they were plain and clear"
67, trust_pilot, 2025-11-11, 5, "Claim Speedy efficient responses via email and claim."
68, trust_pilot, 2025-11-11, 5, "Easy to file a claim."
69, trust_pilot, 2025-11-11, 5, "I'm satisfied with how my claim is processed. Its expeditiously paid. No hassles. I'm satisfied with how my claim is"
70, trust_pilot, 2025-11-11, 5, "Quick and Fair Our Pit-Lab mix dog Coco has been insured by Embrace Pet Insurance since she was 6 weeks old. She was given a clean bill of health and after the required waiting period she has had full coverage up to $10000. At the age of 3 Coco was diagnosed with Exocrine Pancreatic Insufficiency a genetic disease that can be treated but not cured. The treatment is over $500 per month but Embrace has been paying 80% of that cost continuously since she was diagnosed. My rates have not risen any more than a healthy dog and they have never refused a claim."
71, trust_pilot, 2025-11-11, 5, "Fast and easy to submit claims"
72, trust_pilot, 2025-11-11, 5, "Your employees are your best‚Ä¶ Your employees are your best Ambassadors for your business. They ROCK!!!!!"
73, trust_pilot, 2025-11-11, 5, "Submitting a claim Submitting a claim. Just had to submit a claim. My dog ate a corn cob. The website is very easy to work with and Embrace customer service is excellent"
74, trust_pilot, 2025-11-11, 5, "Submitting a claim was way easier than‚Ä¶ Submitting a claim was way easier than I expected."
75, trust_pilot, 2025-11-11, 5, "So Thankful For Embrace Coverage! Pet insurance isnt cheap especially as they get older but it has been invaluable in giving us peace of mind when we've been concerned about a health issue. Our 10-year-old chocolate lab had a lump that turned out to be cancerous then surgery then complications from surgery then three months of follow-up appointments and cone wearing poor thing!. The whole ordeal cost THOUSANDS of dollars and because of the high level plan we had selected 90% of the costs were reimbursed to us. I am so thankful that concerns about money didn't prevent us from essentially being able to save his life. Our tabby cat is 9 1/2 and I just submitted her first claim; our out of pocket expenses will cover 2/3 of the deductible and because I expect additional testing and treatment to diagnose and treat whatever is causing her to have bald spots I am again relieved to know that I can afford to do what is needed for her because soon 90% of the costs will be reimbursed. Like I said, it's pricey but if you can manage the monthly payments it brings so much peace of mind when those big things happen!"
76, trust_pilot, 2025-11-11, 5, "Fast and easy claim process and reimbursement We have been customers of Embrace for over a decade and are always impressed by their service. Pricing is fair and I appreciate the ability to add on services like wellness. The online claims submission is incredibly easy and the explanation of benefits is easy to understand. Even if something is not covered I understand why. I wish all insurance were this easy to deal with!"
77, trust_pilot, 2025-11-11, 4, "Quick, easy and done Appreciate the rapid timing on claim process. Review process was quick. Received call from customer service team to discuss renewal. Provided all info requested to compare with previous numbers as well as other options. Nice and easy website which makes it easy to submit claims."
78, trust_pilot, 2025-11-11, 5, "Embrace has covered my cats for nearly 15 years Embrace has been covering my two cats for most of their 15 years. It has been easy to file claims. I receive electronic reimbursements. I have peace of mind that I can continue to afford and pursue quality care for my boys as they age."
79, trust_pilot, 2025-11-11, 5, "Simplicity of use."
80, trust_pilot, 2025-11-10, 5, "I am very happy with Embrace Pet‚Ä¶ I am very happy with Embrace Pet Insurance. We got the insurance about 5 years ago and didn't really need to use it until this year and the process to file a claim was really easy."
81, trust_pilot, 2025-11-10, 5, "To submit a claim is very easy To submit a claim is very easy. App is user Friendly. Thank you for making this so easy."
82, trust_pilot, 2025-11-10, 3, "Telephone kept disconnecting after‚Ä¶ Telephone kept disconnecting after waiting for many minute. Disconnections when taking to a rep Finally got log in figured out and now I am happy."
83, trust_pilot, 2025-11-11, 1, "Customer Service Grossly Misrepresents their Policies My pet insurance policy was misrepresented to me prior to purchase but Embrace is telling me that they don't uphold anything said by their customer service reps. I attempted to clarify a policy detail with customer service prior to purchasing the policy and they assured me that only pre-existing conditions were not covered by the policy. The reality is that any condition which the insurance company deems related to a pre-existing condition is additionally not covered by the policy. In my case one of my cats has Entropion which is considered a pre-existing condition since she has had it since birth. I paid for the surgery to correct it but now Embrace informed me that any eye conditions (for example conjunctivitis) will not be covered at all by the policy unless the vet can clearly attribute the cause to an injury or other illness. If they cannot they will just assume the eye condition is related to the pre-existing condition (Entropion). This is a gross misrepresentation of the policy given that I explicitly asked customer service questions to try and understand what was and was not covered and this exclusion was not mentioned to me."
84, trust_pilot, 2025-11-10, 4, "Submitting a claim was easy Submitting a claim was easy. Hopefully I will be reimbursed for my dog's care in an expedient manner."
85, trust_pilot, 2025-11-10, 5, "Excellent service!!!!"
86, trust_pilot, 2025-11-19, 1, "DO NOT RECCOMEND!! UPDATE: Wow did you see how fast I got a response to a negative review but can't get a reply as a paying client re: any questions to my policies or claims??? And yes we can change plans or premiums but if you read the reviews of anyone who has tried it just gets even worse and MORE costly!! AnIMBURSES???? How can it reimburse when it's our own money??? And then you take any remaining funds that are not used at the end of the year. Don't try to spin it any other way than They're just a greedy corporate machine that cares more about profit than the health and well-being of our pets. And this is evidenced by how all they do is defend their shady policies in these comments. Not once have they admitted fault and helped a policy holder instead they just spew their excuses and make no concessions! First they lure you in with low monthly premiums for the 1st year then raise them a ridiculous and unfair amount every.single.year! And do not give the BS excuses for changing info on pet breeds and certain states approving your insane increases because that is just a load of crap. When trying to get reimbursed for treatments or medications they constantly deny deny deny!! And DO NOT let them talk you into their program!!! It benefits no one except them!! You pay into the wellness program with your OWN money use it to pay for all of the many many things they don't cover but at the end of the year if you have unused money in the wellness account THEY KEEP IT!!!! This is a direct quote from their website Any unused amount of the annual maximum will not roll over and is non-refundable.How is this wellness program a benefit to the policy holder? It's not! It's only a benefit to Embrace. I had to take a pet to the ER and the medication the ER doctor thought was the best medication to treat my pet happened to be an over-the-counter medication and not an Rx and Embrace refused to cover it! So now they know better than our vets what's best for our pets? Why should it matter if the RECOMMENDED medication is an FDA approved Rx or not? It's what THE VET recommended! Just wrong wrong wrong. And don't even get me started on how IMPOSSIBLE it is to contact anyone at Embrace!!! I tried for over a week via emailthe claims portal the online chat feature etc and NO ONE would get back to me. But they have TONS OF TIME to comment on all the negative reviews they get here! Unbelievable. I DO NOT RECOMMEND EMBRACE!"
87, trust_pilot, 2025-11-10, 5, "Always very prompt and caring Always very prompt and caring. Never had a problem with submitted claim. From all the horror stories I hear from pet owners this is the one you should have so no headaches"
88, trust_pilot, 2025-11-10, 5, "Great to work with When I purchased the policy the agent explained the coverages recommended for a puppy. I had two puppies at the time that are now 2 years old. Since purchasing the policies for both my fur babies they have had sick visits and one hospital stay. I never though I would need pet insurance but I'm glad I chose Embace. I"
89, trust_pilot, 2025-11-10, 5, "Easy to submit claims through the‚Ä¶ Easy to submit claims through the website."
90, trust_pilot, 2025-11-10, 5, "Easy reimbursement Easy reimbursement. Awesome!"
91, trust_pilot, 2025-11-10, 5, "WellnessCheck was awesome great vets"
92, trust_pilot, 2025-11-09, 5, "Easy to navigate even for 74 year old."
93, trust_pilot, 2025-11-09, 5, "Very easy submitting a claim Very easy submitting a claim. Happy with the service I have received so far."
94, trust_pilot, 2025-11-09, 4, "Confusion set in but it turns out to be‚Ä¶ Confusion set in but it turns out to be not complicated. So the 4 stars is a beginners experience."
95, trust_pilot, 2025-11-08, 1, "MAJOR PRICE INCREASE They did okay for awhile. I received about $2500 last year in reimbursements on my $10000 policy.. so they went ahead and raised my rate by over 2x / 100%. From about $150 per month to about $350 per month!! In one year for barely using the policy.. highway robbery.."
96, trust_pilot, 2025-11-08, 5, "I've been using Embrace for about 8‚Ä¶ I've been using Embrace for about 8 years. It's been great as far as having the easiest submittal procedures. Their rates are very reasonable compared to a lot of other pet insurances. One thing that sometimes irritates me a bit is that the website is slow. Little space dog sometimes takes his sweet time in changing pages. Otherwise no complaints!"
97, trust_pilot, 2025-11-08, 5, "Lots of experience I have had Embrace pet insurance coverage for 2 dogs and 2 cats over the last 7 years. I did not find coverage for the cats worthwhile so I dropped them from my policy. I also did not find the Wellness Program worthwhile as it's basically a savings account specifically for pet use but if you don't use it all like FSA funds you lose it. It was frustrating to see my coverage increase substantially as my dog aged but whenever I needed to use the insurance Embrace came through. The claim submission process is super easy and when my Sparty's time with us came to an end the Embrace staff was incredibly compassionate. Cancer took my best furry friend rather abruptly but the outpouring of sympathy was much appreciated. Thank you Embrace."
98, trust_pilot, 2025-11-08, 5, "I have been using Embrace for quite‚Ä¶ I have been using Embrace for quite awhile now and they have been extremely good for all my animals. I have had to file a number of claims and I have never had a problem with them. The only holdup I have ever had was because the veterinarian neglected to put something in the paperwork."
99, trust_pilot, 2025-11-08, 5, "Great customer service and explanation‚Ä¶ Great customer service and explanation of benefits"
100, trust_pilot, 2025-11-08, 5, "My representative was so informative My representative was so informative. I appreciate her time explaining in detail what the insurance covers. A satisfying experience knowing my dogs and soon litter will be protected by a good insurance company that meets your needs and budget friendly I will recommend to new owners of my puppies as well"
101, trust_pilot, 2025-11-07, 5, "Simple process Simple process. I'll be more please when the claim is accepted."
102, trust_pilot, 2025-11-07, 1, "On hold for way too long trying to‚Ä¶ On hold for way too long trying to remove a dog that passed away and then they credited me for the wrong amount. Long time customer of Embrace but doubt I shall continue with them."
103, trust_pilot, 2025-11-07, 5, "Happy after 2 years I have been with many different pet insurance companies, and I am extremely happy with Embrace. The rates are very reasonable. Just like ANY other pet insurance it's all on what YOU choose for your pet on coverage. You can have $10.00 a month up to $500+. I have 2 pets on Embrace and both pets I have high coverage on them because I CHOOSE too. Now the refunds are quick returns. Customer service staff are professional. Everything is self-explanatory on the paperwork that has been sent to me or if I look online. Again if you don't understand something call customer service. I have had no problems with anyone past or present and I have been with them for 2 years so far."
104, trust_pilot, 2025-11-06, 5, "Submitting a claim is easy and being‚Ä¶ Submitting a claim is easy and being reimbursed is quick. All my questions were answered with satisfaction I‚Äôm glad I insured my pets with Embrace."
105, trust_pilot, 2025-11-06, 5, "easy claim submittal"
106, trust_pilot, 2025-11-06, 5, "I had help from two different gals I had help from two different gals they each were very helpful and sweet!"
107, trust_pilot, 2025-11-06, 2, "I have had this for about eight months‚Ä¶ I had this for about eight months now paying about $60 a month. I rescued this little guy from the shelter and he had been trying to get out of his crate there and had a little hair loss at the top of his head which was noted when I took him in to get a check up took him in for a yeast ear infection and somehow that is related to the hair loss and is not going to be covered. I also had an issue with him having diarrhea and the doctor treated it with probiotic instead of medication because they treated it with probiotic insurance will not cover the visit so I am not having much luck with them. I‚Äôll be surprised if they ever pay for anything if I keep them."
108, trust_pilot, 2025-11-06, 3, "They keep raising prices with out‚Ä¶ They keep raising prices with out notice! I haven‚Äôt use this policy not one time!"
109, trust_pilot, 2025-11-06, 5, "Long Term Customer Have been insured by Embrace for 2 different Pets for 11 years. 6 years with Ali all experiences have been excellent."
110, trust_pilot, 2025-11-05, 5, "Invited Great Customer Service I reached out to them to figure out what additional information was needed for a claim. The representative stayed on the phone with me while she checked it out and called others. Within 24 hours I received a detailed note explaining the process and my policy. They did a great job."
111, trust_pilot, 2025-11-05, 5, "Great pet insurance Great pet insurance. easy to submit claims and quick payment"
112, trust_pilot, 2025-11-05, 5, "Embrace has been easy to deal with Embrace has always responded quickly and and clearly answered any questions I have. They have promptly paid and he covered reimbursements. Everyone I have dealt with there has been friendly and helpful."
113, trust_pilot, 2025-11-05, 5, "Embrace pet ins representatives were‚Ä¶ Embrace pet ins representatives were very prompt and helpful friendly and caring. This was our first time getting pet insurance and they made it easy no stress! The claim process was quick and easy and I got my reimbursement within a few days.Im so glad we chose Embrace!"
114, trust_pilot, 2025-11-05, 4, "Submitting claims online is super easy‚Ä¶ Submitting claims online is super easy w/Embrace. For the most part their reimbursement amounts are pretty decent& their customer service on the phone is very good. However I just hope that they don‚Äôt jack up their monthly rates again in the spring like they did this last spring when my policy renewed. Fortunately I was able to raise my deductible and bring the premium back down to a reasonable level‚Ä¶."
115, trust_pilot, 2025-11-05, 1, "Many claims are not covered due to‚Ä¶ Many claims are not covered due to reasons that are not applicable. Deductible is high."
116, trust_pilot, 2025-11-05, 2, "i have filed 3 claims over a month ago‚Ä¶ i have filed 3 claims over a month ago and none have been processed."
117, trust_pilot, 2025-11-05, 5, "Embrace makes it simple‚Ä¶ Embrace makes it simple to file a claim. You only have to upload the vet bill and that‚Äôs it. üòä"
118, trust_pilot, 2025-11-04, 5, " Great customer service The embrace team was helpful and polite every phone call I made to them. I appreciate the quick communication from them and always keeping me updated throughout my claims process!"
119, trust_pilot, 2025-11-04, 5, "Had several claims quick response Had several claims quick response. Embrace seems to care about Gunny no argument about paying for needed care"
120, trust_pilot, 2025-11-04, 5, "Easy to use every time for almost 11‚Ä¶ Easy to use every time for almost 11 years."
121, trust_pilot, 2025-11-04, 5, "Theyve been reliable Theyve been reliable, fast and compassionate every time I‚Äôve needed them. Filing claims is simple reimbursements come quickly and their team truly cares about pets and owners. I feel completely supported and confident knowing my dog is protected with Embrace. Highly recommend! üêæ"
122, trust_pilot, 2025-11-04, 5, "Invited Easy claims process Easy claims process good customer service."
123, trust_pilot, 2025-11-04, 5, "I love this insurance I love this insurance. It gives me a piece of mind that if anything happens to Dolly she's protected"
124, trust_pilot, 2025-11-04, 5, "Best Pet Insurance out there! The Embrace Pet Insurance web page is very easy to use. Making a claim takes under a minute and they are very prompt with reply‚Äôs and reimbursement. This company knows what they are doing and it makes my life less stressful! Thank You Embrace!!!"
125, trust_pilot, 2025-11-04, 5, "Always fast with claims Always fast with claims friendly knowledgeable employees that seem to sincerely care. I‚Äôve been with Embrace for over 12 years and several Boxers. They‚Äôve never let me down. I 100% recommend Embrace to anyone/everyone that wants to help your pet and your pocketbook in the best health possible."
126, trust_pilot, 2025-11-04, 5, "Customer service is exceptional."
127, trust_pilot, 2025-11-03, 5, "Very happy with Embrace I have a senior dachshund who has frequent visits to his vet for skin ear and heart issues. Embrace responds to my claims and reimbursement is directly deposited in my bank account within a few days. Also Embrace makes it very easy to file a claim on line. Very happy with our choice of pet insurance."
128, trust_pilot, 2025-11-03, 5, "Easy to submit claims, Easy to submit claims,"
129, trust_pilot, 2025-11-03, 1, "Feeling Scammed by Embraces Crooked Wellness Policy If I could give negative stars I would. After a simple miscommunication between my husband and me we realized that neither of us had submitted the receipt for our pets tick and flea prevention something covered under our wellness plan. We pay $225 split over 12 months for $250 in annual wellness coverage. Unfortunately Embrace requires all wellness claims to be submitted within 60 days of the policy renewal date. Because we discovered the mistake after that deadline Embrace refused reimbursement and kept the $225 we paid. This policy feels intentionally deceptive ‚Äî a crooked setup designed to profit from policyholders‚Äô honest mistakes. It‚Äôs an unreasonable, customer-unfriendly practice that punishes loyalty instead of rewarding it. My advice: stay far away from the Embrace wellness plan. The tiny $25 benefit isnt worth the risk of dealing with such rigid unforgiving policies built to take advantage of policyholders."
130, trust_pilot, 2025-11-03, 5, "Great experience every time Great experience. In reading so many other reviews I suggest people get this insurance from the start and never lapse on their payment. Very low chance of difficulty then. They get on it very quickly!"
131, trust_pilot, 2025-11-03, 5, "Wonderful expedient experience and reimbursement I‚Äôve had embrace pet insurance for many years now and my 10 year seven month old golden Shepherd was diagnosed with congestive heart failure an arrhythmia. Embrace has been wonderful about reimbursing me for all the medicines and Cardiology appointments."
132, trust_pilot, 2025-11-03, 5, "THEY ARE FAIR THEY ARE FAIR"
133, trust_pilot, 2025-11-03, 5, "Easy filing claims Customer Service is‚Ä¶ Easy filing claims Customer Service is great I feel I‚Äôm getting the best deal for Pet Insurance for my dog"
134, trust_pilot, 2025-11-02, 1, "Amy from Embrace never followed-up with‚Ä¶ Amy from Embrace never followed-up with alternative policies as promised after Embrace sent me a 67% increase for my renewal. I submitted zero claims and have a healthy pet."
135, trust_pilot, 2025-11-02, 5, "My dog needed surgery for a luxating‚Ä¶ My dog needed surgery for a luxating patella. The claims were very easy to file online and I received reimbursement within a week. The surgery costs with preop appointments was close to $4000 so I was very grateful to have the coverage. The only complaint I have is about the increase of premiums after the first year. The coverage was well worth it though"
136, trust_pilot, 2025-11-04, 1, "Premature request for review You prompted me to write a review about submitting a claim. Yes the apparent submission seemed simple enough. As you have not approved it nor have I received reimbursement yet it seems quite oddly premature. Edit: I now see this review is tagged as an unprompted review which is clearly a lie."
137, trust_pilot, 2025-11-02, 1, "Claim submission through the app‚Ä¶ Claim submission through the app doesn‚Äôt work on purpose to make the process harder"
138, trust_pilot, 2025-11-02, 5, "User friendly site"
139, trust_pilot, 2025-11-01, 5, "Totally awesome company My fur baby was very sick with pancreatitis and when I took her to the veterinary clinic it was a total relief not to worry about the cost I just told them do what needs to be done. I sent them a photo of the bill and in a few days I was reimbursed my 90% it cost me. 100.00"
140, trust_pilot, 2025-11-01, 5, "Simple claims submission process from‚Ä¶ Simple claims submission process from website."
141, trust_pilot, 2025-11-01, 3, "Invited When I signed up they requested my dogs history needless to say didn‚Äôt know they hadn‚Äôt received it until I needed to use their insurance and are unreasonably denying to pay for a lump deemed nothing to worry about from two vets so now will not cover bumps or cancer this is how they get out of coverage. Very unhappy . Beware"
142, trust_pilot, 2025-11-01, 5, "I just insured our new kitten that we‚Ä¶ I just insured our new kitten that we got and the process was very easy and fast and the cost is nicely laid outso far I am happy  let‚Äôs see after I use it.üòÉ"
143, trust_pilot, 2025-11-01, 5, "Kind Assistance For financial reasons I needed to cancel my insurance after not using it for years. The customer service rep offered me an extremely reasonable accident insurance change for my sweet cat. Thank you!"
144, trust_pilot, 2025-11-01, 3, "Disappointed-confusing and costly I signed up a year ago because I liked the flexibility of customizing my own plan which most other providers don‚Äôt offer. Positives: customer service is excellent, very helpful, friendly, knowledgeable; website for filing claims is easy to use once you become familiar with it. Negatives: long learning curve and no training of how to use the website and provide an overview. My biggest complaint is the lack of clarity from the agents while choosing my coverage. It was my understanding that adding a wellness plan would cover all exams and medications, so I waived that coverage from the accident and illness plan. Turns out I was wrong. My advice would be to take great care when discussing coverage with their agents, particularly if this is your first time buying pet insurance. It can be very confusing. In the end, my analysis of the cost of the insurance versus what my OOP would have been without it was that I would have saved a few hundred dollars without it, even with one of my cats becoming sick with pancreatitis requiring lots of tests, meds, and prescription food. So, while my experience was positive on some points, I would recommend taking a chance on your pets‚Äô health and pay the professionals for their service if they get ill, rather than throwing money at a third party that may not cover your costs."
145, trust_pilot, 2025-11-01, 5, "Invited Fast and easy"
146, trust_pilot, 2025-11-01, 5, "6 years strong We have had embrace for 6 years now for my Frenchie. In general I am quite satisfied with them. Have had a couple issues over the years, but always willing and able to help fix things when I call. It certainly does give me peace of mind as he gets older."
147, trust_pilot, 2025-11-01, 5, "They are just thee Most caring‚Ä¶ They are just thee Most caring insurance place , EVER !! They help you with EVERYTHING that's concerns your beloved pet , who's family."
148, trust_pilot, 2025-10-31, 5, "Very impressed with the customer‚Ä¶ Very impressed with the customer service and the quick response to our pups needs."
149, trust_pilot, 2025-10-31, 5, "Integrity i continue to be impressed with the integrity and speed of reimbursement from Embrace Pet Insurance."
150, trust_pilot, 2025-10-31, 5, "Easy to submit claim. Easy to submit claim."
151, trust_pilot, 2025-10-31, 5, "Great service They processed my claim quickly. It was surprisingly easy and I'm extremely grateful for this service. Although the annual deductible is quite high, they still saved me allot of money. Would highly recomend."
152, trust_pilot, 2025-10-31, 5, "Embrace is quick to respond"
153, trust_pilot, 2025-10-31, 1, "Nothing worked or connected Nothing worked or connected. I emailed customer support and heard nothing back."
154, trust_pilot, 2025-10-31, 5, "I've used Embrace for 6 years I've used Embrace for 6 years! Embrace continues to provide exceptional insurance coverage for my two pets. The reimbursement process is easy and quick. I highly recommend and appreciate their customer service."
155, trust_pilot, 2025-10-31, 4, "Great Insurance but Software is below par Embrace has been fantastic in their coverage of our 2 Golden Doodles and our newest member of the clan, a 4 month old Tortoise Shell kitten. My only criticism of Embrace is their Web Site. The software seems to hang up and not submit the claim at times. Perhaps a software upgrade would be a great idea?"
156, trust_pilot, 2025-10-31, 5, "Ease and reliability. Submitting a claim is incredibly easy and takes barely a minute. The website is very user friendly for this. Approval does not take very long, and direct deposit is usually a 2 week turn around. I wish my own health insurance was as up front, user friendly, and reliable, honestly. Embrace has literally been a life saver for my dog Ernie. Choosing Embrace for my dogs' policies was one of the best decisions I have ever made."
157, trust_pilot, 2025-10-30, 5, "I have always received excellent‚Ä¶ I have always received excellent customer service when inquiring about a claim but, in a few instances, received the expense sooner than expected. Embrace is No. 1 for me. Thank you for your excellence!!!"
158, trust_pilot, 2025-10-30, 4, "Friendly service"
159, trust_pilot, 2025-10-30, 5, "Very reasonable and fair treatment Very reasonable and fair treatment. Much better than what I'm used to with pet insurance."
160, trust_pilot, 2025-10-30, 1, "Embrace Pet Insurance is a Scam Embrace Pet Insurance is a Scam - Beware of Their False Denials and Deceptive Practices I am beyond frustrated and furious with Embrace Pet Insurance, which I now consider nothing more than a scam. My pet's breed is highly susceptible to anal gland issues, which causes severe discomfort. When their anal glands become full, my pet starts licking and scooting, clearly in distress. This is not some ‚Äúpreventative‚Äù or ‚Äúwellness‚Äù issue - it is a medical necessity. The vet's note was crystal clear: the glands needed to be extracted due to them being full, not because of some routine checkup. However, when I submitted the claim for this required treatment, Embrace had the audacity to deny reimbursement and categorize it under their ‚Äúwellness‚Äù plan, which they claim isn‚Äôt covered. This is NOT a wellness issue - this is a treatment for an ongoing medical condition that my pet needs to have addressed for their comfort and health. This is straight-up stealing. They have no problem taking your premiums, but when it comes time to provide the coverage they‚Äôre supposed to, they find ways to wrongfully deny claims and push you into paying out of pocket for something that is not your fault. The fact that they classified an emergency medical procedure as preventative care is unethical and deceitful. I would highly recommend avoiding Embrace Pet Insurance if you care about your pet's health and want to be treated fairly. They‚Äôll gladly take your money, but when your pet needs care, they'll find ways to deny it. It's a scam - pure and simple. Stay away and find a more honest company that actually stands behind their coverage. And now they will follow up with an illogical response to this review, consisting of an incorrect reasoning by fraud scammers who want to steal people‚Äôs money. Wellness plan is for preventative care ONLY. In my pet‚Äôs case, her anal glands were ALREADY full as per the doctor‚Äôs notes. Hence, the treatment should have been covered by her existing plan and NOT WELLNESS PLAN. This is what the insurance policy providers have been doing to deny eligible claims and STEAL PEOPLE‚ÄôS MONEY- just providing illogical and baseless reasoning and not addressing the real issue. Hence strict action should be taken against them, their ridiculous response and unwarranted justifications should be FLAGGED, and people should be made aware of their unlawful practices."
161, trust_pilot, 2025-10-30, 1, "I have spent houirs trying to enter the‚Ä¶ I have spent houirs trying to enter the claim thru the app. I finally gave up and subitted thru the website. The speciality canine dentst practice was not listed and the app could not find it either. So there really is no way to add them. We had an emergency visit to Hospital Blue Pearl then were sent on Monday after we saw our regular vet to the Dental speciality Practice- Pearly Bites Veterinary for consultaion and surgery, they ended up removing 9 teeth. OUR APP DOES NOT SEEM TO HAVE THE DATE OF BIRTH RIGHT EITHER, ALTHOUGH SHE IS A RESCUE AND WE ARE GUESSIMATING. I first adopted her on 02/11/2018, vet estimated Spring to be 2-3 yrs of age so vet records show her birthdate as 02/18/2018 There is no easy way to submit any of the invoicing and I do realize that we are probably capped, but this should not be this difficult. Your reps on phone are completely helpless. They could not even find the policy. PLEASE beware if you are considering this company for coverage there are easier ones out there."
162, trust_pilot, 2025-10-30, 5, "Very easy to work with! Very easy to work with!"
163, trust_pilot, 2025-10-30, 5, "Great Pet Insurance Company Sami and Hans now have 100% illness protection. Couldn't be happier! The claims process is very easy and the Embrace Team is wonderful! Thank you, Embrace!"
164, trust_pilot, 2025-10-30, 1, "This the worst Insurance ever This the worst Insurance ever. I submited a claim in July and I didn t receive any response from them i call 5 times about my claim, i had to do his work and ask the Clinic for the history to send it to them because they didn t do it.After 4 months I kept paying $70 every month, and they never solved my problem."
165, trust_pilot, 2025-10-30, 5, "Easyclaim processing. Very easy and fast claim processing."
166, trust_pilot, 2025-10-30, 5, "Love this insurance Love this insurance. Simple, fast and gives you great peace of mind in pet care"
167, trust_pilot, 2025-10-30, 5, "Kudos to Embrace Embrace is a great company with people who are knowledgeable, caring, compassionate and highly competent."
168, trust_pilot, 2025-10-30, 5, "The rep Veronica was very understanding‚Ä¶ The rep Veronica was very understanding and looked into my issue and was able to solve it I have been with Embrace over 15 years and it cane in handy when Rowen was bite by snake which required him to stay 3 days in the hospital. Thank g-d he was gummy covered I have two policies the Wellness policy and major medical I always adj pet owners do you have pet insurance either they say never heard of pet insurance or they say why should I have it. That‚Äôs when I get on my soapbox Thank you EMBRACE Rheeta and Rowen ‚ô•Ô∏è"
169, trust_pilot, 2025-10-30, 5, "Fair and transparent policies. The process to submit claims is easy. What they cover aligns with what you signed up for. They always explain things clearly and when there is coverage, they send the funds promptly."
170, trust_pilot, 2025-10-30, 2, "Shameful Shameful. After paying dutifully into our coverage for 11 years they more than doubled our premium in one year without raising our coverage. So we would always be paying them more than ever possibly receiving. It is shameful and disgraceful and heartbreaking. Leaving us high and dry in Rocky‚Äôs final years."
171, trust_pilot, 2025-10-29, 5, "Long time happy customer Long time happy customer My cavalier has been covered by Embrace since puppyhood. He's now 12 years and it's been quite the ride: he's a wonderful dog with lots of medical problems over the years. I've been very happy with the coverage Embrace has provided for his emergency care."
172, trust_pilot, 2025-10-29, 5, "Embrace makes it so easy Embrace makes it so easy. I will always use Embrace for all my pets. Rarely are there any rejections. We live in a very rural place my dog is always getting hurt. So we embrace Embrace pet insurance. Thanks for your love."
173, trust_pilot, 2025-10-29, 5, "The ease in submitting the claim The ease in submitting the claim. Easier than doing anything for humans."
174, trust_pilot, 2025-10-29, 1, "Embrace did not cover all the claims I‚Ä¶ Embrace did not cover all the claims I submitted for my pet Peanut who is now dead. She was diagnosed with a tumor that ruptured in her ear. I submitted a precertification for a catscan procedure for them to find out how bad was the tumor. This procedure was also denied by Embrace."
175, trust_pilot, 2025-10-29, 5, "easy to follow submission process easy to follow submission process. if i have an issue , i just call embrace for guidance"
176, trust_pilot, 2025-10-29, 5, "Embrace Pet Insurance is the best‚Ä¶ Embrace Pet Insurance is the best insurance available. Their policies are comprehensive, you can tailor your plan to fit your budget and they expedite your invoices in a timely manner. Their customer service is second to none."
177, trust_pilot, 2025-10-28, 5, "Beyond grateful to Embrace Pet‚Ä¶ Beyond grateful to Embrace Pet Insurance!! Not only their customer service is unbelievably amazing but having insurance for my little guy who has a very sensitive stomach, has been a life saver when it comes to medical visits!! I will never get any other insurance. Embrace is the best!!!"
178, trust_pilot, 2025-10-28, 4, "Embrace Pet Insurance has given me real‚Ä¶ Embrace Pet Insurance has given me real peace of mind. Claims are handled quickly, and the customer service team is incredibly supportive. It feels like they genuinely care about pets and their families. A fantastic choice for responsible pet owners in the UK."
179, trust_pilot, 2025-10-28, 5, "Vets did a great job!"
180, trust_pilot, 2025-10-28, 5, "Simple and Intuitive Very easy to navigate and did not take much time at all."
181, trust_pilot, 2025-10-28, 3, "seems to bescrimping on IT, customer service. Non on the billing dept. thoughilling dept Long wait for customer service to answer the phone. When they did, they could not be of help because IT is not paid to work on weekends for embrace. It took five days for me to find a way to pay my bill."
182, trust_pilot, 2025-10-27, 3, "We have a lot of claims already‚Ä¶ We have a lot of claims already submitted, but we only received 2 payments from them yet. I dont know if this company is recommendable."
183, trust_pilot, 2025-10-27, 5, "Great Customer Support I had a small issue with having to change information in my account. I called customer service and had a flawless experience. The change was effective immediately. The representative was extremely helpful and always kept me informed. No complaints from me."
184, trust_pilot, 2025-10-27, 5, "Invited I highly recommend Embrace for pet insurance Everyone I spoke with at Embrace while filing a claim was very professional, patient and friendly. I highly recommend them"
185, trust_pilot, 2025-10-27, 5, "It is a reall seamless process to‚Ä¶ It is a reall seamless process to submit claims and rapid turnaround time for reimbursement (<1 week). Excellent service highly recommend!"
186, trust_pilot, 2025-10-27, 5, "Best Pet Insurance Embrace is the best pet insurance for my 2 dogs. I have two other pet insurance companies in the past, but Embrace is by far, the best"
187, trust_pilot, 2025-10-27, 4, "Excellent Coverage and Friendly Service I am very happy with the level of cover and how easy it is to manage everything online. When my dog needed treatment, Embrace helped without any hassle. The staff always respond with kindness and understanding. Truly a company that stands by its promises."
188, trust_pilot, 2025-10-27, 5, "Claims covered as expected, reimbursements provided promptly We have now filed four claims on our pet insurance. I have been so impressed with how easy it is to file a claim, how quickly the claims get processed, and how straightforward the coverage has been. I was definitely worried that the claims adjusters would be looking for ways to avoid paying claims. But things have been covered exactly the way I expected them to be with no sneaky loopholes or unexpected exceptions. our reimbursement payment once we met our deductible landed in our bank account within the same week that we filed our claim. We even had one claim that needed to be reviewed because it appeared possible that our pet was being seen for something that had been an excluded condition. But the claims reviewer took a thoughtful look at the chart notes and realized that our pet had a passing, contagious illness that was not related to any sort of pre-existing condition and they went ahead and covered the visit."
189, trust_pilot, 2025-10-27, 5, "Best Pet Insurance Company Around I've had my cats with Embrace Pet Insurance for years and wouldn't insure them with any other company. The representatives are knowledgeable, friendly, helpful, supportive, and the claims are processed very quickly. The website is user friendly and easy to upload claims. I continue to recommend the company to all of my friends with pets."
190, trust_pilot, 2025-10-27, 1, "Extreamly long hold timed and lots of‚Ä¶ Extreamly long hold timed and lots of automatic messages from filed claims."
191, trust_pilot, 2025-10-27, 2, "Very Slow Processing Claims I submitted 2 claims early this month and they have not been paid yet. They are waiting for records apparently, but I checked with the vet today and all of her records were sent 5 months ago, so they should have them all. I sent a question to claims and haven't heard anything. I have not received any email communication from Embrace. Very frustrating."
192, trust_pilot, 2025-10-27, 1, "I haven‚Äôt been able to reach anyone at‚Ä¶ I haven‚Äôt been able to reach anyone at Embrace. I have a question about coverage. Their website bot is useless and no one picked up the phone over 15 minutes so I gave up."
193, trust_pilot, 2025-10-27, 5, "Super easy online claim filing and‚Ä¶ Super easy online claim filing and super fast reimbursement."
194, trust_pilot, 2025-10-27, 5, "Recommend Embrace Pet Insurance Had Embrace since I got Finn my dog until his sudden demise. I always found Embrace custormer service top notch and the company trustworthy. They are a little pricey, but I found the customer service and claims process to outweigh the cost."
195, trust_pilot, 2025-10-27, 5, "Excellent service Easy transactions"
196, trust_pilot, 2025-10-27, 2, "Loss of value Embrace has lost its value. We are researching other pet insurers and find a lack of options offered by Embrace. While not the most expensive insurance the coverage for the price is found lacking. Negotiating the Web/App is difficult and lacks transparency. We were unable to find our payment information and future cost easily. We have been with Embrace over 5 years. We have never made a claim. We hope to never need to. However, our good stewardship goes unrecognized and premium continue to rise."
197, trust_pilot, 2025-10-27, 3, "They took another look Typically I have been giving Embrace 5 stars and a few weeks ago I did. Since my dog had surgery for a cancerous mass, I dropped them down to a one, but am now giving them credit where credit is due. Although I had to work much too hard to get them to look at what made logical sense, they did and I am now happy with the reimbursement I am receiving for the claim. I have no doubt they will get back to a 5 in my mind, just not quite there yet. Thank you for listening to logic and making the right call."
198, trust_pilot, 2025-10-27, 4, "Happy until now I've been very satisfied with this company until now. They have been insuring my husband's service dog for 11 years. The cost suddenly shot up, they said it was due to inflation and the dog's age. He's had few problems in this time, and it seems that their rates should continue in his senior years. I can no longer afford this company."
199, trust_pilot, 2025-10-27, 3, "Claim process Submission of a claim was fairly simple. When additional information was needed they reached out to the provider. I had to take Jack to an emergency vet as our normal vet does not have night hours. I received an Email telling me how much of my claim was approved with little explanation. With a vet bill of over $1100 I felt the reimbursement of slightly over $300 was on the low side. Still I‚Äôm glad I had insurance to get some money back"
200, trust_pilot, 2025-10-27, 3, "Submission of a claim was fairly simple When additional information was needed they reached out to the provider I had to take Jack to an emergency vet as our normal vet does not have night hours I received an Email telling me how much of my claim was approved with little explanation With a vet bill of over 1100 I felt the reimbursement of slightly over 300 was on the low side Still Im glad I had insurance to get some money back"
201, trust_pilot, 2025-10-27, 5, "Ive had Embrace for my dog since she was a puppy and shes now 11 Its very easy to submit a claim online claims are reviewed and resolved very quickly and Ive always had clear communication from Embrace"
202, trust_pilot, 2025-10-27, 5, "Clementine was awesome and her explanation of benefits very pleased so far"
203, trust_pilot, 2025-10-28, 3, "Phone help was outstanding Still waiting for response to email help and inability to access account settings POST RESPONSE nice to see they dont read the review either I am STILL waiting for an email response about my inability to access and change my account info"
204, trust_pilot, 2025-10-26, 5, "The Embrace website is so easy to use to file claims I am extremely pleased with Embrace"
205, trust_pilot, 2025-10-26, 5, "Wonderful personalized professional service from a caring professional her name was Yunelly She explained to me that if I did nothing our two cats that are now 14 years old would be having a near double increase in their monthly premium She went over alternatives and how to reduce the premium and explain how come the rate was going up I kind of understood why most of it was going to be but I really need to be honest was a bit shocked at the amount of increase You have to admit we really treat our babies like humans anyway its pretty much the same cost as a human healthcare insurance when they get older Anyway she was wonderful and help me make a decision on how to move forward"
206, trust_pilot, 2025-10-26, 2, "Frustrating when the exact diagnosis is not listed Also the review function would not let me review my submitted invoice and would only display the circle of confusion"
207, trust_pilot, 2025-10-26, 5, "Easy to submit claim Clear directions"
208, trust_pilot, 2025-10-25, 5, "Very easy to use check or file a claim"
209, trust_pilot, 2025-10-25, 3, "My dog had to have a tooth removal and a representative told me it was probably covered up to 75 percent Embrace didnt support 1 percent Also an upgrade in coverage cost doubled"
210, trust_pilot, 2025-10-25, 5, "The sight is easy to navigate"
211, trust_pilot, 2025-10-25, 5, "Acted on the claim very quickly just submitted the vet bill of services and they took it from there very happy with the service"
212, trust_pilot, 2025-10-25, 5, "Submitting the claim was easy to do from my tablet Thank you for making it available rather than having to mail anything in"
213, trust_pilot, 2025-10-25, 1, "Claim for dental procedures denied as preexisting They failed to discover the preexisting until almost a year after we enrolled The condition was treated and resolved Per policy dental treatment is covered once it is treated and resolved We had it treated and resolved and they still denied it They do not advise you of exclusions for preexisting until a claim is submitted They take the premiums and provide no coverage"
214, trust_pilot, 2025-10-25, 5, "The claim process was seamless I received precertification within minutes My French Bull dog suffered an acute allergic reaction and had to be rushed to the ER vet Due to the severity he needed an overnight stay but knowing that Embrace covered the cost was incredibly reassuring Hes doing fine now"
215, trust_pilot, 2025-10-25, 5, "Submitting claims and receiving reimbursements is quick an easy Evaluations are fair"
216, trust_pilot, 2025-10-25, 5, "I have had multiple claims in the past 4 years for my cockapoo Kelsey I have never had any problems getting my payment I am so happy I purchase this insurance if not I would be very hard pressed for money to pay for her to have care"
217, trust_pilot, 2025-10-25, 2, "App is broken Spent a long time attempting to file my first claim and finally was able to do so on the desktop app I had Pets Best in the past and may consider switching back to them because its very glitchy and there isnt a way to upload anything under the wellness plan The interface with Pets Best was easier and they had a working app"
218, trust_pilot, 2025-10-25, 1, "Takes too long to get paid Too automated cant talk to a real person all the time"
219, trust_pilot, 2025-10-25, 5, "The ease in filing a claim is remarkable Wow"
220, trust_pilot, 2025-10-24, 5, "Always efficient and dependable"
221, trust_pilot, 2025-10-24, 1, "Ive been with Embrace for about seven years Until now I had no major issues and only filed a few small claims This past year my dog needed ACL surgery an expensive but necessary procedure that Embrace covered I appreciated that but any goodwill I had evaporated when I received my renewal notice My annual premium is jumping from 1300 to 2500 Thats almost a 100 percent increase in a single year When I called to ask why I was told it wasnt because of my large claim but honestly its hard to believe How else can you explain doubling the cost This kind of pricing is not just frustrating it is punishing Many of us cant afford that kind of sudden increase especially after already paying thousands over the years for coverage we hoped wed never need I understand costs rise as pets age but this is excessive and feels exploitative Pet insurance should protect pet owners from financial strain not create more of it Embrace needs to be transparent and accountable for how these massive rate hikes are justified because right now it feels like loyal customers are being taken advantage of the moment they actually use the coverage theyve been paying for I expected an increase but this is absolutely unacceptable"
222, trust_pilot, 2025-10-24, 5, "I am very impressed with Embrace From the agent who sold me our pet policy to our first claim process I have been extremely pleased Even when you call to ask a question the people are very helpful professional and courteous Definitely glad I went with Embrace for our pet insurance"
223, trust_pilot, 2025-10-24, 5, "Agent took the time to fully explain policy and gave detailed instruction on how to file a claim"
224, trust_pilot, 2025-10-24, 1, "Do not spend the monthly fees they are all the same wont cover any emergency procedures"
225, trust_pilot, 2025-10-23, 5, "Submitting the claim was simple Now if the payment process is just as easy I will be thrilled"
226, trust_pilot, 2025-10-23, 3, "The app kept stopping so I had to use my computer Thats fine but what if I didnt have access to a computer Id be stuck"
227, trust_pilot, 2025-10-23, 3, "The app is easy use However every time I file a claim they say they need all paper work for my dog called the SOAP I have sent it numerous times via email and the app but keep getting my claims delayed by weeks or months because they say they do not have all her paper work when they do It can be frustrating and annoying every time I file a claim have to explain they have all the paper work and then waiting months to finally get reimbursed after several back and forth emails Its like nothing is saved in my file I cant understand the issue"
228, trust_pilot, 2025-10-23, 1, "I have two policies with Embrace Never used them I decided to give it a try with three bills from emergency vet visits in 2024 After six months of trying multiple phone calls I was unable to get my receipts taken care of because they said Codie had been seen by a vet they had no records for in 2020 I had given them all his vet visits As he was rescued during the pandemic I had about four visits with different vets The three bills were all less than 350 dollars and were for diarrhea and a rash Still they refuse to pay nor communicate with me No matter how long I sit on the phone or how many calls I make I have paid them over 4500 dollars I am canceling because this is ridiculous They are just taking my money My next call will be a report to the BBB"
229, trust_pilot, 2025-10-23, 1, "Terrible customer service"
230, trust_pilot, 2025-10-23, 5, "Very easy to submit claims and easy to contact on phone and helpful and kind"
231, trust_pilot, 2025-10-23, 5, "Great quick claim service Received reimbursement of funds quickly"
232, trust_pilot, 2025-10-22, 5, "Simple to use and fair pricing"
233, trust_pilot, 2025-10-22, 5, "Great team"
234, trust_pilot, 2025-10-22, 5, "I wasnt sure that insurance was worth it but on the first visit I paid 249 Embrace reimbursed me 150 of that which is great One charge was a fecal test at 70 I have 90 percent coverage and 100 deductible"
235, trust_pilot, 2025-10-22, 1, "I cancelled my policy on all four of my dogs My claim for unrelated growth removals was denied as preexisting even after my vet explained they were unrelated Embrace denied the appeal This was my first experience with pet insurance and I regret choosing Embrace They have a pattern of denying legitimate claims based on reviews I take excellent care of my dogs and this company made the situation aggravating and disappointing Do your research before trusting them"
236, trust_pilot, 2025-10-22, 5, "Easy claim process just would like more wellness coverage"
237, trust_pilot, 2025-10-22, 5, "So easy to submit a claim and payment is timely do love this insurance"
238, trust_pilot, 2025-10-22, 1, "Embrace is morally bankrupt They raise premiums astronomically after pets age or need care I was a customer for 14 years and my premiums increased 40 percent last year and 83 percent this year They hide behind excuses like inflation but its clear they care more about shareholders than pets I regret ever supporting them They have no loyalty to long term customers BEWARE"
239, trust_pilot, 2025-10-21, 5, "Submitting a claim was easy and they were very prompt in sending the money I was due"
240, trust_pilot, 2025-10-21, 5, "always fast to submitt a claim always fast to submitt a claim"
241, trust_pilot, 2025-10-21, 5, "Im very happy with this coverage for my two dogs"
242, trust_pilot, 2025-10-21, 1, "Im writing this review because Embraces website essentially makes you write a review in order to submit claims Ive actually had a decent experience with them aside from this"
243, trust_pilot, 2025-10-21, 5, "Very easy to complete a claim The website provides a nice stepwise process and is clear and easy to read and navigate"
244, trust_pilot, 2025-10-21, 1, "Documents were provided for dental but also for two growth removals including margins Embrace never considered the growths Very disappointing given the 1400 per year premiums"
245, trust_pilot, 2025-10-21, 5, "Easy quick and effective"
246, trust_pilot, 2025-10-21, 5, "excellent service"
247, trust_pilot, 2025-10-20, 5, "Embrace has been an excellent company to work with Their representatives are pet friendly professional and efficient Submitting claims is really easy We have had Embrace for two cats and now for two dogs and a cat I am a very satisfied customer"
248, trust_pilot, 2025-10-20, 5, "Betsy made my renewal process very easy and understandable Thank you very much"
249, trust_pilot, 2025-10-20, 5, "Submitting a claim was very easy the prompts walked me through it quickly I spoke to a representative who helped me with the online process Hoping our claim gets taken care of for us"
250, trust_pilot, 2025-10-20, 5, "We have used Embrace pet insurance for 9 years now always with a good experience especially during the hard times"
251, trust_pilot, 2025-10-20, 5, "Hannah was excellent and was so helpful during the setup process I would highly recommend"
252, trust_pilot, 2025-10-20, 4, "great processing of claim good timming"
253, trust_pilot, 2025-10-20, 5, "Very easy process wish human claims were this easy"
254, trust_pilot, 2025-10-20, 3, "I just submitted my first claim It was very easy but I have not received an approval yet lets see how it goes"
255, trust_pilot, 2025-10-19, 1, "Embrace insurance is very deceiving on how they do their claims They nit pick all the fees picking only the low fees like a cone for an emergency visit but not the actual emergency exam and medicine I feel this is a rip off for all customers The claims adjusters are not good and make the customer do their job I do not recommend this company for anyone"
256, trust_pilot, 2025-10-19, 5, "Embrace is great The communication ease of claim submission and turnaround time The customer service is on point and exceeds expectations I would recommend and do it all over again"
257, trust_pilot, 2025-10-19, 2, "For some reason my email is now not associated with an account after I paid 469 for an annual membership Now I have to go through the hassle of figuring out how to fix it so I can even put in a claim"
258, trust_pilot, 2025-10-19, 1, "I guess this leading statement in the comments box What went wrong this time explains their work My dog is experiencing something causing him to vomit and Ive had numerous tests done to see what might be the cause Because a vet visit 11 and a half months ago mentioned vomiting Embrace stated this is a preexisting condition Vomiting really Who has a dog who never vomits My case is extreme this time but Embrace refused to reimburse me anything They said he would be covered for vomiting in the future if he has no further case of it for 12 months I missed the window of opportunity by half a month"
259, trust_pilot, 2025-10-18, 3, "Took the insurance for a test drive with my claim Not sure at this time but forty eight point five zero times twelve is about five hundred eighty two per year without meds eight hundred seventy seven point four six deductible and a little over one thousand thirty three for the claims including meds not covered for a total of about one thousand four hundred fifty nine point four six out by the customer I could be off by some change or a dollar but that is the picture I was looking at However they were kind and courteous"
260, trust_pilot, 2025-10-18, 3, "I called to cancel my plan and was subsequently hung up on when I told the representative that everything is a preexisting condition according to their underwriters as that was my response to her telling me that any new insurance company I select will do the same thing"
261, trust_pilot, 2025-10-18, 5, "Embrace Pet Insurance is the real deal My dog had to have emergency surgery for bladder stone removal after being diagnosed with a urinary tract infection I received an invoice for the initial visit and another invoice for the surgery I submitted both invoices on Embraces website and two business days later they issued two checks and mailed them I couldnt be happier with this company"
262, trust_pilot, 2025-10-17, 5, "Easy and straightforward process"
263, trust_pilot, 2025-10-17, 5, "excellent insurance and simple to file claims"
264, trust_pilot, 2025-10-17, 1, "No matter what I submit for a claim Embrace finds a reason not to pay out what they promise I have invoices documentation and emails from the vet explaining the diagnosis yet I still have nothing I am not happy and not renewing"
265, trust_pilot, 2025-10-17, 5, "Is there anyway that you can add Rx Renewal to the diagnosis"
266, trust_pilot, 2025-10-17, 5, "Very personable and gave me useful information"
267, trust_pilot, 2025-10-17, 5, "So easy to file a claim I mostly submit for monthly grooming and yearly routine vaccinations Highly recommend Embrace Pet Insurance"
268, trust_pilot, 2025-10-17, 5, "Wow It was very fast and easy to file the claim"
269, trust_pilot, 2025-10-17, 5, "Its just so easy sending in your bills a lot easier than my own health insurance"
270, trust_pilot, 2025-10-17, 5, "Forget it too complicated for old people"
271, trust_pilot, 2025-10-17, 2, "The response time for Embrace is great but they always try to tie claims to preexisting conditions even when symptoms are unrelated My pup had a pancreatitis attack and because he also had diarrhea during his stay the entire 4500 claim was denied This feels unfair and frustrating"
272, trust_pilot, 2025-10-16, 4, "I like the easy and practical way I can place a claim without difficulty I love the response time and method"
273, trust_pilot, 2025-10-16, 5, "My dog got bronchitis took him to the vet He had xrays and antibiotics I sent the invoice to Embrace and was reimbursed in less than a week"
274, trust_pilot, 2025-10-16, 2, "Unable to select provider from webpage The provider field would not respond on multiple computers and browsers Eventually the phone app worked after several minutes"
275, trust_pilot, 2025-10-16, 4, "Easy to submit claim but I just submitted it and havent gotten an approval yet so I cannot say if it will be approved"
276, trust_pilot, 2025-10-16, 5, "wonderful service and an easy website to use"
277, trust_pilot, 2025-10-16, 5, "Claims processed quickly"
278, trust_pilot, 2025-10-16, 5, "Thanks to Embrace Pet Insure It is easy to make a claim I am very happy"
279, trust_pilot, 2025-10-16, 5, "A great company that values dog health Easy to submit"
280, trust_pilot, 2025-10-16, 5, "I have never had a problem with getting help with questions Always so polite and very helpful"
281, trust_pilot, 2025-10-15, 5, "Super easy to make the claim and hear back within days"
282, trust_pilot, 2025-10-15, 5, "Embrace has been very good to work with They tell me what I need to do and help me with the processing of my claims"
283, trust_pilot, 2025-10-15, 3, "Shamefully increasing to the highest premium each year of my dogs life Ive been with them for 12 yrs They only care about money not the animals They pay for what they say they do because they have to"
284, trust_pilot, 2025-10-15, 5, "Our kitty had a 3 day hospital stay I sent in my claims and documents and prepared to wait for approval They were approved in less than 24 hours The service is awesome and the coverage was as expected I am very grateful for Embrace"
285, trust_pilot, 2025-10-15, 5, "Your customer service have NEVER let me down Every person Ive spoken with has been kind knowledgeable and so helpful I love working with your company I PRAY that you never change I know INSURANCE has a stigma Im hoping that EMBRACE actually stays COOL making pets just AS important as their bottom line"
286, trust_pilot, 2025-10-15, 5, "Fast claims and precertifications Quick accurate and efficient claims process Super fast precertification process of ensuring coverage before proceeding with costly medical testing"
287, trust_pilot, 2025-10-15, 5, "Embrace has always been wonderful and easy to deal with Claim submission is a breeze and everyone I have ever spoken with is polite and professional They are also very caring for our dogs Highly recommended"
288, trust_pilot, 2025-10-15, 5, "Not cheap insurance but its really easy to submit a claim and processing is hassle free Frankly I cant believe it My dog has cancer and Ive had to take her to a veterinary teaching hospital at Purdue University for specialized care and the insurance company hasnt given me a problem at all They also pay claims quickly What a relief"
289, trust_pilot, 2025-10-15, 1, "At this point Im disappointed in Embrace Ive had the policy for 9 months and have not received a cent of repayment yet have paid monthly premiums My account at ASLCA on a for met pet was much easier to navigate and prompt in payment"
290, trust_pilot, 2025-10-15, 5, "Our cat has been experiencing health issues recently some of which are serious Embrace has reimbursed us for all of the claims we have submitted to them I am very satisfied with this company"
291, trust_pilot, 2025-10-15, 5, "Its very easy to submit a claim and Embrace usually gets back to me in a reasonable amount of time They make it clear what is and is not covered by my cats policies what the deductible is so I dont have to worry about any of that Im getting a great deal on the one cat who has a claim every month for her prescription and the other cat only ever used his once but boy was I glad to have insurance when he did"
292, trust_pilot, 2025-10-14, 1, "Please trust that this is the absolute slimy company you are reading reviews to try to avoid"
293, trust_pilot, 2025-10-14, 5, "I am not very computer literate however by following directions that were easily understood I was able to file a claim Your website is very user friendly I also had a conversation not too long ago with one of your employees and was very pleased with how considerate and helpful she was"
294, trust_pilot, 2025-10-14, 5, "Customer service was great as always"
295, trust_pilot, 2025-10-14, 5, "I love Embrace Pet Insurance It is so easy to upload a claim and they process it right away If you have any questions or concerns their staff is helpful and quick to resolve your problems if any"
296, trust_pilot, 2025-10-14, 5, "They were very fast in completing my claim I got about 90 percent of the bill back Im very happy with this insurance"
297, trust_pilot, 2025-10-14, 5, "Our family has been protected by Embrace since Hollys Gotcha Day Its been 4 years now with unwavering protection from Embrace to Hollys wellbeing They kept their promise and covered Hollys healthcare needs reimbursing all the vet and specialty care Holly went through TPLO on both hind knees a tumor on her tail and now back pain related to spinal disc infection and inflammation in the last 4 years Embrace is there for us through all these We are grateful for Embrace and will recommend them to anyone needing pet insurance"
298, trust_pilot, 2025-10-14, 5, "First of all thrilled to talk to a real person and secondly their insurance programs for pets are wonderful Easy to submit claims takes a couple of minutes and reimbursement occurs within two weeks The wellness program is a great add in to our emergency and sick policy allowing for grooming wellness checkups food and is a great all around saver Love it"
299, trust_pilot, 2025-10-14, 5, "You get answers quickly My questions are always answered and representatives are always very polite and informative"
300, trust_pilot, 2025-10-14, 1, "Embrace is a total scam You are better off saving the premium money for when your pet needs to see a vet Despite having received my vet records for the 12 month prepolicy Embrace is still withholding reimbursement for an emergency vet visit due to an insect bite 6 months ago They are now requesting vet records from 4 years ago so they can keep hunting to try to find that preexisting condition to get them out of reimbursing me Beware"
301, trust_pilot, 2025-10-14, 2, "I got a quick response but it did not answer my question I have asked again twice but to no avail"
302, trust_pilot, 2025-10-13, 1, "We insured our dog with Embrace her whole life The monthly premium started at around 60 dollars and steadily increased over the years Last year we paid them nearly 5000 in premiums with barely any claims On her 12th birthday they emailed me telling us we would now have to pay 733 a month 8796 a year for a 10k yearly max The options they offered still left my dogs recent injury and physical therapy poorly covered and it feels like the model is broken Save the money yourself and set it aside while your pets are young and healthy so you can support them yourself as they age"
303, trust_pilot, 2025-10-13, 5, "I spoke to a customer representative who answered the call within a minute She promptly reviewed my submissions and approved three of them while on the phone and submitted two others to an adjuster Within 2 days these were also approved I was very impressed by the pleasantness efficiency and knowledge of this representative"
304, trust_pilot, 2025-10-13, 5, "Best pet insurance company I am kind of blown away"
305, trust_pilot, 2025-10-13, 1, "Frustrating process to receive claims They have yet to refund my claims and it has been over 4 months"
306, trust_pilot, 2025-10-13, 5, "We have been with Embrace Pet Insurance for years They have always paid quickly and been a godsend when our dog developed a cancerous tumor and needed radiation treatment He is doing great and this visit was for a different issue and I do not expect any problems"
307, trust_pilot, 2025-10-13, 5, "They make it easy and helpful when submitting claims"
308, trust_pilot, 2025-10-13, 5, "I have a dog with serious liver disease and have submitted multiple invoices large and small to Embrace They have consistently repaid me in a timely manner and this gives me a bit of comfort during a scary time"
309, trust_pilot, 2025-10-13, 5, "I was having difficulty logging in to file a claim The customer service person was so patient and advised me how to best access my account so I could file a claim I got into my account the first time after taking her advice and was able to submit my claim in about 2 minutes"
310, trust_pilot, 2025-10-13, 5, "Embrace has been responsive and covered a significant amount of the costs I really appreciate the speed of review and the acceptance of the diagnosis"
311, trust_pilot, 2025-10-13, 5, "I would recommend Embrace for when you are bringing a new puppy home It is a lot harder and more frustrating trying to get an older dog covered"
312, trust_pilot, 2025-10-13, 5, "Your computer system is so easy and intuitive Claims are processed promptly"
313, trust_pilot, 2025-10-13, 5, "After nearly 5 years of just having a policy and never needing it I was pleasantly surprised by the ease of submitting claims for my cats emergency care visit"
314, trust_pilot, 2025-10-13, 5, "Thorough wellness exam performed as usual Directions and feedback were easy to understand and to the point The doctor and assistant were very nice and caring and I felt good about the whole experience"
315, trust_pilot, 2025-10-13, 3, "Requesting a claim is easy However they do not let you submit the medical records from your vet They email your vet and copy you and my vet submitted medical records for two dates but they only approved the first one and kept the second on hold despite me emailing and uploading documents It is a lot of work on your end to submit a claim"
316, trust_pilot, 2025-10-13, 5, "It is really super easy to submit a claim It is usually processed quickly and you receive your payment quickly"
317, trust_pilot, 2025-10-12, 5, "For 10 years Embrace has been covering Jacks vet bills and reimbursing us in a timely manner They were very sympathetic when they learned of Jacks death from heart failure and I recommend Embrace for anyone needing very good medical coverage for their furry friends"
318, trust_pilot, 2025-10-12, 5, "I was asked to write a follow up regarding submission of an invoice that got tweaked somewhere along the way It was no problem whatsoever Embrace made it easy to email a new copy without going through the rest of the process again and the claim was paid the same day They were very helpful as they always are and we truly appreciate a business that is so easy to deal with"


